# Blender v2.91.0 OBJ File: ''
# www.blender.org
mtllib untitled.mtl
o PilotFish_UAV
v -0.243630 -1.445030 -6.474510
v -0.292730 -1.447530 -4.918150
v -0.478350 -0.743870 -4.918150
v -0.478350 -0.743870 -4.918150
v -0.394760 -0.743870 -6.474510
v -0.243630 -1.445030 -6.474510
v 0.000000 -0.932460 -7.262250
v -0.073940 -0.932460 -7.239210
v 0.000000 -0.743870 -7.273180
v -0.376180 -1.217300 -3.986590
v -0.260230 -1.478560 -3.983720
v -0.182050 -1.574000 -3.106950
v -0.205930 -1.356830 -6.781370
v -0.334920 -0.743870 -6.781370
v -0.249830 -0.743870 -7.045650
v -0.249830 -0.743870 -7.045650
v -0.149010 -1.138810 -7.045650
v -0.205930 -1.356830 -6.781370
v -0.205930 -1.356830 -6.781370
v -0.243630 -1.445030 -6.474510
v -0.394760 -0.743870 -6.474510
v -0.394760 -0.743870 -6.474510
v -0.334920 -0.743870 -6.781370
v -0.205930 -1.356830 -6.781370
v -0.376180 -1.217300 -3.986590
v -0.478350 -0.743870 -4.918150
v -0.292730 -1.447530 -4.918150
v -0.292730 -1.447530 -4.918150
v -0.260230 -1.478560 -3.983720
v -0.376180 -1.217300 -3.986590
v -0.073940 -0.932460 -7.239210
v -0.249830 -0.743870 -7.045650
v 0.000000 -0.743870 -7.273180
v -0.182050 -1.574000 -3.106950
v -0.260230 -1.478560 -3.983720
v 0.000000 -1.693830 -3.106950
v -0.073940 -0.932460 -7.239210
v 0.000000 -0.932460 -7.262250
v 0.000000 -1.249970 -7.045650
v 0.000000 -1.249970 -7.045650
v -0.149010 -1.138810 -7.045650
v -0.073940 -0.932460 -7.239210
v -0.243630 -1.445030 -6.474510
v 0.000000 -1.540930 -6.474510
v 0.000000 -1.540930 -4.918150
v 0.000000 -1.540930 -4.918150
v -0.292730 -1.447530 -4.918150
v -0.243630 -1.445030 -6.474510
v 0.000000 -1.463380 -6.781370
v -0.205930 -1.356830 -6.781370
v -0.149010 -1.138810 -7.045650
v -0.149010 -1.138810 -7.045650
v 0.000000 -1.249970 -7.045650
v 0.000000 -1.463380 -6.781370
v -0.205930 -1.356830 -6.781370
v 0.000000 -1.463380 -6.781370
v 0.000000 -1.540930 -6.474510
v 0.000000 -1.540930 -6.474510
v -0.243630 -1.445030 -6.474510
v -0.205930 -1.356830 -6.781370
v -0.292730 -1.447530 -4.918150
v 0.000000 -1.540930 -4.918150
v 0.000000 -1.572110 -3.983810
v 0.000000 -1.572110 -3.983810
v -0.260230 -1.478560 -3.983720
v -0.292730 -1.447530 -4.918150
v -0.260230 -1.478560 -3.983720
v 0.000000 -1.572110 -3.983810
v 0.000000 -1.693830 -3.106950
v -0.073940 -0.932460 -7.239210
v -0.149010 -1.138810 -7.045650
v -0.249830 -0.743870 -7.045650
v -0.482810 -1.237950 -4.491520
v 0.000000 -1.237950 -4.491520
v 0.000000 -1.484710 -3.770980
v 0.000000 -1.484710 -3.770980
v -0.482810 -1.484710 -3.770980
v -0.482810 -1.237950 -4.491520
v 0.000000 -0.095600 -4.491520
v -0.400190 -0.014610 -4.491520
v -0.400150 -0.002530 -3.770980
v -0.400150 -0.002530 -3.770980
v 0.000000 -0.083530 -3.770980
v 0.000000 -0.095600 -4.491520
v -0.582420 0.157710 -4.491520
v -0.582420 -1.078930 -4.491520
v -0.582420 -1.322000 -3.770980
v -0.582420 -1.322000 -3.770980
v -0.582420 0.169660 -3.770980
v -0.582420 0.157710 -4.491520
v -0.582420 -1.078930 -4.491520
v -0.582420 0.157710 -4.491520
v -0.582420 0.071190 -5.404570
v -0.582420 0.071190 -5.404570
v -0.582420 -1.018810 -5.404570
v -0.582420 -1.078930 -4.491520
v -0.399420 0.321340 -5.404570
v -0.285100 0.108420 -5.132530
v 0.000000 0.105320 -5.161900
v 0.000000 0.105320 -5.161900
v 0.000000 0.306880 -5.734540
v -0.399420 0.321340 -5.404570
v 0.000000 -1.237950 -4.491520
v -0.482810 -1.237950 -4.491520
v -0.482810 -1.173790 -5.404570
v -0.482810 -1.173790 -5.404570
v 0.000000 -1.173790 -5.404570
v 0.000000 -1.237950 -4.491520
v -0.582420 -1.018810 -5.404570
v -0.582420 0.071190 -5.404570
v -0.566670 -0.111950 -6.289500
v -0.566670 -0.111950 -6.289500
v -0.582420 -0.978950 -6.289500
v -0.582420 -1.018810 -5.404570
v -0.399420 0.321340 -5.404570
v 0.000000 0.306880 -5.734540
v 0.000000 0.214270 -6.289500
v 0.000000 0.214270 -6.289500
v -0.381740 0.143980 -6.289500
v -0.399420 0.321340 -5.404570
v 0.000000 -1.173790 -5.404570
v -0.482810 -1.173790 -5.404570
v -0.465110 -1.133260 -6.289500
v -0.465110 -1.133260 -6.289500
v 0.000000 -1.133260 -6.289500
v 0.000000 -1.173790 -5.404570
v -0.582420 -0.978950 -6.289500
v -0.566670 -0.111950 -6.289500
v -0.554230 -0.362030 -7.195970
v -0.554230 -0.362030 -7.195970
v -0.554230 -0.978820 -7.195970
v -0.582420 -0.978950 -6.289500
v -0.381740 0.143980 -6.289500
v 0.000000 0.214270 -6.289500
v 0.000000 -0.041130 -7.195970
v 0.000000 -0.041130 -7.195970
v -0.370620 -0.110740 -7.195970
v -0.381740 0.143980 -6.289500
v 0.000000 -1.133260 -6.289500
v -0.465110 -1.133260 -6.289500
v -0.420180 -1.133260 -7.195970
v -0.420180 -1.133260 -7.195970
v 0.000000 -1.133260 -7.195970
v 0.000000 -1.133260 -6.289500
v -0.449300 -0.920300 -8.026340
v -0.554230 -0.978820 -7.195970
v -0.554230 -0.362030 -7.195970
v -0.554230 -0.362030 -7.195970
v -0.449300 -0.652680 -8.026340
v -0.449300 -0.920300 -8.026340
v -0.370620 -0.110740 -7.195970
v 0.000000 -0.041130 -7.195970
v 0.000000 -0.376480 -8.043280
v 0.000000 -0.376480 -8.043280
v -0.272270 -0.439560 -8.026340
v -0.370620 -0.110740 -7.195970
v 0.000000 -1.133260 -7.195970
v -0.420180 -1.133260 -7.195970
v -0.278320 -1.082590 -8.026340
v -0.278320 -1.082590 -8.026340
v 0.000000 -1.082590 -8.026340
v 0.000000 -1.133260 -7.195970
v -0.449300 -0.920300 -8.026340
v -0.272410 -0.750030 -8.344960
v -0.259210 -0.848410 -8.344960
v -0.272270 -0.439560 -8.026340
v 0.000000 -0.376480 -8.043280
v 0.000000 -0.599750 -8.344960
v 0.000000 -0.599750 -8.344960
v -0.272410 -0.750030 -8.344960
v -0.272270 -0.439560 -8.026340
v 0.000000 -1.082590 -8.026340
v -0.278320 -1.082590 -8.026340
v -0.141270 -0.940660 -8.344960
v -0.141270 -0.940660 -8.344960
v 0.000000 -0.956960 -8.344960
v 0.000000 -1.082590 -8.026340
v 0.000000 -0.791580 -8.426190
v -0.259210 -0.848410 -8.344960
v -0.272410 -0.750030 -8.344960
v -0.272410 -0.750030 -8.344960
v 0.000000 -0.599750 -8.344960
v 0.000000 -0.791580 -8.426190
v 0.000000 -0.956960 -8.344960
v -0.141270 -0.940660 -8.344960
v 0.000000 -0.791580 -8.426190
v -0.482810 -1.484710 -3.770980
v 0.000000 -1.484710 -3.770980
v 0.000000 -1.751570 -2.983060
v 0.000000 -1.751570 -2.983060
v -0.482810 -1.751570 -2.983060
v -0.482810 -1.484710 -3.770980
v -0.399580 0.267320 -2.983060
v 0.000000 0.252880 -2.653090
v 0.000000 0.040160 -3.273410
v 0.000000 0.040160 -3.273410
v -0.285210 0.047880 -3.328550
v -0.399580 0.267320 -2.983060
v -0.582420 0.169660 -3.770980
v -0.582420 -1.322000 -3.770980
v -0.582420 -1.622720 -2.983060
v -0.582420 -1.622720 -2.983060
v -0.582420 0.018120 -2.983060
v -0.582420 0.169660 -3.770980
v -0.482810 -1.751570 -2.983060
v 0.000000 -1.751570 -2.983060
v 0.000000 -1.850830 -2.393770
v 0.000000 -1.850830 -2.393770
v -0.482810 -1.850830 -2.393770
v -0.482810 -1.751570 -2.983060
v 0.000000 0.252880 -2.653090
v -0.399580 0.267320 -2.983060
v -0.399290 0.043350 -2.195030
v -0.399290 0.043350 -2.195030
v 0.000000 0.114690 -2.194970
v 0.000000 0.252880 -2.653090
v -0.582420 0.018120 -2.983060
v -0.582420 -1.622720 -2.983060
v -0.582420 -1.778020 -2.396570
v -0.582420 -1.778020 -2.396570
v -0.582420 -0.206670 -2.195040
v -0.582420 0.018120 -2.983060
v -0.482810 -1.882690 -1.993730
v 0.000000 -1.882690 -1.993730
v 0.000000 -1.878040 -1.407230
v 0.000000 -1.878040 -1.407230
v -0.482810 -1.878040 -1.407230
v -0.482810 -1.882690 -1.993730
v 0.000000 0.114690 -2.194970
v -0.399290 0.043350 -2.195030
v -0.399530 -0.176400 -1.407230
v -0.399530 -0.176400 -1.407230
v 0.000000 -0.104990 -1.407230
v 0.000000 0.114690 -2.194970
v -0.582420 -0.206670 -2.195040
v -0.582420 -1.783260 -1.997980
v -0.582420 -1.713500 -1.407230
v -0.582420 -1.713500 -1.407230
v -0.582420 -0.425740 -1.407230
v -0.582420 -0.206670 -2.195040
v -0.482810 -1.878040 -1.407230
v 0.000000 -1.878040 -1.407230
v 0.000000 -1.757440 -0.619320
v 0.000000 -1.757440 -0.619320
v -0.400220 -1.685910 -0.619320
v -0.482810 -1.878040 -1.407230
v 0.000000 -0.104990 -1.407230
v -0.399530 -0.176400 -1.407230
v -0.400220 -0.345450 -0.619320
v -0.400220 -0.345450 -0.619320
v 0.000000 -0.273920 -0.619320
v 0.000000 -0.104990 -1.407230
v -0.582420 -0.425740 -1.407230
v -0.582420 -1.713500 -1.407230
v -0.582420 -1.438600 -0.619320
v -0.582420 -1.438600 -0.619320
v -0.582420 -0.503210 -0.619320
v -0.582420 -0.425740 -1.407230
v -0.259210 -0.848410 -8.344960
v 0.000000 -0.791580 -8.426190
v -0.141270 -0.940660 -8.344960
v -0.482810 -1.751570 -2.983060
v -0.482810 -1.850830 -2.393770
v -0.582420 -1.778020 -2.396570
v -0.582420 -1.778020 -2.396570
v -0.582420 -1.622720 -2.983060
v -0.482810 -1.751570 -2.983060
v -0.482810 -1.484710 -3.770980
v -0.582420 -1.322000 -3.770980
v -0.582420 -1.078930 -4.491520
v -0.582420 -1.078930 -4.491520
v -0.482810 -1.237950 -4.491520
v -0.482810 -1.484710 -3.770980
v -0.482810 -1.237950 -4.491520
v -0.582420 -1.078930 -4.491520
v -0.582420 -1.018810 -5.404570
v -0.582420 -1.018810 -5.404570
v -0.482810 -1.173790 -5.404570
v -0.482810 -1.237950 -4.491520
v -0.482810 -1.173790 -5.404570
v -0.582420 -1.018810 -5.404570
v -0.582420 -0.978950 -6.289500
v -0.582420 -0.978950 -6.289500
v -0.465110 -1.133260 -6.289500
v -0.482810 -1.173790 -5.404570
v -0.465110 -1.133260 -6.289500
v -0.582420 -0.978950 -6.289500
v -0.554230 -0.978820 -7.195970
v -0.554230 -0.978820 -7.195970
v -0.420180 -1.133260 -7.195970
v -0.465110 -1.133260 -6.289500
v -0.420180 -1.133260 -7.195970
v -0.554230 -0.978820 -7.195970
v -0.449300 -0.920300 -8.026340
v -0.449300 -0.920300 -8.026340
v -0.278320 -1.082590 -8.026340
v -0.420180 -1.133260 -7.195970
v -0.278320 -1.082590 -8.026340
v -0.449300 -0.920300 -8.026340
v -0.259210 -0.848410 -8.344960
v -0.259210 -0.848410 -8.344960
v -0.141270 -0.940660 -8.344960
v -0.278320 -1.082590 -8.026340
v -0.582420 -1.322000 -3.770980
v -0.482810 -1.484710 -3.770980
v -0.482810 -1.751570 -2.983060
v -0.482810 -1.751570 -2.983060
v -0.582420 -1.622720 -2.983060
v -0.582420 -1.322000 -3.770980
v -0.482810 -1.850830 -2.393770
v -0.482810 -1.882690 -1.993730
v -0.582420 -1.783260 -1.997980
v -0.582420 -1.783260 -1.997980
v -0.582420 -1.778020 -2.396570
v -0.482810 -1.850830 -2.393770
v -0.482810 -1.882690 -1.993730
v -0.482810 -1.850830 -2.393770
v 0.000000 -1.850830 -2.393770
v 0.000000 -1.850830 -2.393770
v 0.000000 -1.882690 -1.993730
v -0.482810 -1.882690 -1.993730
v -0.582420 -0.206670 -2.195040
v -0.582420 -1.778020 -2.396570
v -0.582420 -1.783260 -1.997980
v -0.182700 -2.764030 2.659090
v -0.210960 -2.863150 2.695160
v -0.210960 -2.863150 3.079630
v -0.210960 -2.863150 3.079630
v -0.182700 -2.750420 3.079630
v -0.182700 -2.764030 2.659090
v -0.210960 -2.863150 2.695160
v -0.182700 -2.962270 2.731240
v -0.182700 -2.962270 3.079630
v -0.182700 -2.962270 3.079630
v -0.210960 -2.863150 3.079630
v -0.210960 -2.863150 2.695160
v -0.182700 -2.962270 2.731240
v -0.105480 -3.034830 2.757650
v -0.105480 -3.034830 3.079630
v -0.105480 -3.034830 3.079630
v -0.182700 -2.962270 3.079630
v -0.182700 -2.962270 2.731240
v -0.105480 -3.034830 2.757650
v 0.000000 -3.061390 2.767320
v 0.000000 -3.061390 3.079630
v 0.000000 -3.061390 3.079630
v -0.105480 -3.034830 3.079630
v -0.105480 -3.034830 2.757650
v -0.140150 -2.735920 3.397500
v -0.163440 -2.813640 3.392310
v 0.000000 -2.643340 3.917640
v -0.163440 -2.813640 3.392310
v -0.143570 -2.893970 3.384780
v 0.000000 -2.643340 3.917640
v -0.143570 -2.893970 3.384780
v -0.083800 -2.954370 3.378940
v 0.000000 -2.643340 3.917640
v -0.083800 -2.954370 3.378940
v 0.000000 -2.976740 3.376870
v 0.000000 -2.643340 3.917640
v -0.140150 -2.735920 3.397500
v -0.182700 -2.750420 3.079630
v -0.210960 -2.863150 3.079630
v -0.210960 -2.863150 3.079630
v -0.163440 -2.813640 3.392310
v -0.140150 -2.735920 3.397500
v -0.163440 -2.813640 3.392310
v -0.210960 -2.863150 3.079630
v -0.182700 -2.962270 3.079630
v -0.182700 -2.962270 3.079630
v -0.143570 -2.893970 3.384780
v -0.163440 -2.813640 3.392310
v -0.143570 -2.893970 3.384780
v -0.182700 -2.962270 3.079630
v -0.105480 -3.034830 3.079630
v -0.105480 -3.034830 3.079630
v -0.083800 -2.954370 3.378940
v -0.143570 -2.893970 3.384780
v -0.083800 -2.954370 3.378940
v -0.105480 -3.034830 3.079630
v 0.000000 -3.061390 3.079630
v 0.000000 -3.061390 3.079630
v 0.000000 -2.976740 3.376870
v -0.083800 -2.954370 3.378940
v -0.210960 -2.863150 2.695160
v -0.182700 -2.764030 2.659090
v 0.000000 -2.764030 2.659090
v 0.000000 -2.764030 2.659090
v 0.000000 -3.061390 2.767320
v -0.105480 -3.034830 2.757650
v -0.210960 -2.863150 2.695160
v 0.000000 -2.764030 2.659090
v -0.105480 -3.034830 2.757650
v -0.210960 -2.863150 2.695160
v -0.105480 -3.034830 2.757650
v -0.182700 -2.962270 2.731240
v -12.869040 -1.202430 4.469550
v -1.651150 -1.277390 0.684070
v -1.657920 -1.171020 1.637920
v -1.657920 -1.171020 1.637920
v -12.869040 -1.157640 4.719790
v -12.869040 -1.202430 4.469550
v -1.651150 -1.100080 1.641980
v -1.651150 -0.970740 0.997820
v -12.869040 -1.068000 4.469550
v -12.869040 -1.068000 4.469550
v -12.869040 -1.112790 4.719790
v -1.651150 -1.100080 1.641980
v -12.869040 -1.157640 4.719790
v -12.930940 -1.135210 4.792420
v -12.930940 -1.135210 4.452620
v -12.930940 -1.135210 4.452620
v -12.869040 -1.202430 4.469550
v -12.869040 -1.157640 4.719790
v -12.930940 -1.135210 4.273640
v -1.651150 -1.135210 -0.100070
v -1.651150 -1.243320 -0.028600
v -1.651150 -1.243320 -0.028600
v -12.869040 -1.186320 4.337740
v -12.930940 -1.135210 4.273640
v -0.192570 -1.171500 2.696830
v -0.192570 -1.135210 2.767930
v -1.152280 -1.135210 1.931720
v -1.152280 -1.135210 1.931720
v -1.148870 -1.171330 1.862040
v -0.192570 -1.171500 2.696830
v -12.869040 -1.112790 4.719790
v -12.930940 -1.135210 4.792420
v -1.651150 -1.135210 1.717480
v -1.651150 -1.135210 1.717480
v -1.651150 -1.100080 1.641980
v -12.869040 -1.112790 4.719790
v -0.192570 -1.135210 -1.293050
v -1.651150 -1.135210 -0.100070
v -1.651150 -1.027110 -0.028600
v -1.651150 -1.027110 -0.028600
v -0.192570 -1.023540 -1.221570
v -0.192570 -1.135210 -1.293050
v -12.869040 -1.084110 4.337740
v -12.930940 -1.135210 4.273640
v -12.930940 -1.135210 4.452620
v -12.930940 -1.135210 4.452620
v -12.869040 -1.068000 4.469550
v -12.869040 -1.084110 4.337740
v -1.651150 -1.243320 -0.028600
v -0.192570 -1.246880 -1.221570
v -0.192570 -1.282080 0.679060
v -0.192570 -1.282080 0.679060
v -1.651150 -1.277390 0.684070
v -1.651150 -1.243320 -0.028600
v -1.148870 -1.098500 1.862040
v -0.192570 -1.098920 2.696830
v -0.192570 -0.953150 0.995130
v -1.148870 -1.098500 1.862040
v -0.192570 -0.953150 0.995130
v -1.651150 -0.970740 0.997820
v -1.148870 -1.098500 1.862040
v -1.651150 -0.970740 0.997820
v -1.651150 -1.100080 1.641980
v -1.148870 -1.098500 1.862040
v -1.651150 -1.100080 1.641980
v -1.417810 -1.099000 1.781850
v -0.192570 -1.135210 -1.293050
v -0.192570 -1.246880 -1.221570
v -1.651150 -1.243320 -0.028600
v -1.651150 -1.243320 -0.028600
v -1.651150 -1.135210 -0.100070
v -0.192570 -1.135210 -1.293050
v -1.651150 -1.135210 1.717480
v -12.930940 -1.135210 4.792420
v -12.869040 -1.157640 4.719790
v -12.869040 -1.157640 4.719790
v -1.657920 -1.171020 1.637920
v -1.651150 -1.135210 1.717480
v -1.651150 -1.135210 1.717480
v -1.422780 -1.135210 1.851780
v -1.417810 -1.099000 1.781850
v -1.417810 -1.099000 1.781850
v -1.651150 -1.100080 1.641980
v -1.651150 -1.135210 1.717480
v -12.930940 -1.135210 4.273640
v -12.869040 -1.084110 4.337740
v -1.651150 -1.027110 -0.028600
v -1.651150 -1.027110 -0.028600
v -1.651150 -1.135210 -0.100070
v -12.930940 -1.135210 4.273640
v -1.651150 -1.135210 1.717480
v -1.657920 -1.171020 1.637920
v -1.418820 -1.171210 1.781250
v -1.418820 -1.171210 1.781250
v -1.422780 -1.135210 1.851780
v -1.651150 -1.135210 1.717480
v -1.152280 -1.135210 1.931720
v -0.192570 -1.135210 2.767930
v -0.192570 -1.098920 2.696830
v -0.192570 -1.098920 2.696830
v -1.148870 -1.098500 1.862040
v -1.152280 -1.135210 1.931720
v -12.869040 -1.186320 4.337740
v -1.651150 -1.243320 -0.028600
v -1.651150 -1.277390 0.684070
v -1.651150 -1.277390 0.684070
v -12.869040 -1.202430 4.469550
v -12.869040 -1.186320 4.337740
v -12.869040 -1.068000 4.469550
v -1.651150 -0.981410 0.164540
v -1.651150 -1.027110 -0.028600
v -1.651150 -1.027110 -0.028600
v -12.869040 -1.084110 4.337740
v -12.869040 -1.068000 4.469550
v -12.930940 -1.135210 4.452620
v -12.930940 -1.135210 4.273640
v -12.869040 -1.186320 4.337740
v -12.869040 -1.186320 4.337740
v -12.869040 -1.202430 4.469550
v -12.930940 -1.135210 4.452620
v -12.930940 -1.135210 4.452620
v -12.930940 -1.135210 4.792420
v -12.869040 -1.112790 4.719790
v -12.869040 -1.112790 4.719790
v -12.869040 -1.068000 4.469550
v -12.930940 -1.135210 4.452620
v -1.657920 -1.171020 1.637920
v -1.651150 -1.277390 0.684070
v -0.192570 -1.282080 0.679060
v -0.192570 -1.282080 0.679060
v -0.192570 -1.171500 2.696830
v -1.148870 -1.171330 1.862040
v -1.657920 -1.171020 1.637920
v -0.192570 -1.282080 0.679060
v -1.148870 -1.171330 1.862040
v -1.418820 -1.171210 1.781250
v -1.657920 -1.171020 1.637920
v -1.148870 -1.171330 1.862040
v -0.192570 -0.961310 0.156280
v -0.192570 -1.023540 -1.221570
v -1.651150 -1.027110 -0.028600
v -1.651150 -1.027110 -0.028600
v -1.651150 -0.981410 0.164540
v -0.192570 -0.961310 0.156280
v -0.582420 -1.783260 -1.997980
v -0.482810 -1.882690 -1.993730
v -0.482810 -1.878040 -1.407230
v -0.482810 -1.878040 -1.407230
v -0.582420 -1.713500 -1.407230
v -0.582420 -1.783260 -1.997980
v -0.582420 -1.713500 -1.407230
v -0.482810 -1.878040 -1.407230
v -0.400220 -1.685910 -0.619320
v -0.400220 -1.685910 -0.619320
v -0.582420 -1.438600 -0.619320
v -0.582420 -1.713500 -1.407230
v -1.651150 -0.970740 0.997820
v -1.651150 -0.981410 0.164540
v -12.869040 -1.068000 4.469550
v -0.192570 -0.953150 0.995130
v -0.192570 -0.961310 0.156280
v -1.651150 -0.981410 0.164540
v -1.651150 -0.981410 0.164540
v -1.651150 -0.970740 0.997820
v -0.192570 -0.953150 0.995130
v -1.152280 -1.135210 1.931720
v -1.422780 -1.135210 1.851780
v -1.418820 -1.171210 1.781250
v -1.418820 -1.171210 1.781250
v -1.148870 -1.171330 1.862040
v -1.152280 -1.135210 1.931720
v -1.422780 -1.135210 1.851780
v -1.152280 -1.135210 1.931720
v -1.148870 -1.098500 1.862040
v -1.148870 -1.098500 1.862040
v -1.417810 -1.099000 1.781850
v -1.422780 -1.135210 1.851780
v -0.272270 -0.439560 -8.026340
v -0.272410 -0.750030 -8.344960
v -0.449300 -0.652680 -8.026340
v -0.400190 -0.014610 -4.491520
v -0.582420 0.157710 -4.491520
v -0.582420 0.169660 -3.770980
v -0.582420 0.169660 -3.770980
v -0.400150 -0.002530 -3.770980
v -0.400190 -0.014610 -4.491520
v -0.285100 0.108420 -5.132530
v -0.399420 0.321340 -5.404570
v -0.582420 0.157710 -4.491520
v -0.582420 0.157710 -4.491520
v -0.400190 -0.014610 -4.491520
v -0.285100 0.108420 -5.132530
v -0.582420 0.071190 -5.404570
v -0.399420 0.321340 -5.404570
v -0.381740 0.143980 -6.289500
v -0.381740 0.143980 -6.289500
v -0.566670 -0.111950 -6.289500
v -0.582420 0.071190 -5.404570
v -0.566670 -0.111950 -6.289500
v -0.381740 0.143980 -6.289500
v -0.370620 -0.110740 -7.195970
v -0.370620 -0.110740 -7.195970
v -0.554230 -0.362030 -7.195970
v -0.566670 -0.111950 -6.289500
v -0.554230 -0.362030 -7.195970
v -0.370620 -0.110740 -7.195970
v -0.272270 -0.439560 -8.026340
v -0.272270 -0.439560 -8.026340
v -0.449300 -0.652680 -8.026340
v -0.554230 -0.362030 -7.195970
v -0.582420 0.018120 -2.983060
v -0.399580 0.267320 -2.983060
v -0.582420 0.169660 -3.770980
v -0.399580 0.267320 -2.983060
v -0.582420 0.018120 -2.983060
v -0.582420 -0.206670 -2.195040
v -0.582420 -0.206670 -2.195040
v -0.399290 0.043350 -2.195030
v -0.399580 0.267320 -2.983060
v -0.399290 0.043350 -2.195030
v -0.582420 -0.206670 -2.195040
v -0.582420 -0.425740 -1.407230
v -0.582420 -0.425740 -1.407230
v -0.399530 -0.176400 -1.407230
v -0.399290 0.043350 -2.195030
v -0.399530 -0.176400 -1.407230
v -0.582420 -0.425740 -1.407230
v -0.582420 -0.503210 -0.619320
v -0.582420 -0.503210 -0.619320
v -0.400220 -0.345450 -0.619320
v -0.399530 -0.176400 -1.407230
v -0.449300 -0.920300 -8.026340
v -0.449300 -0.652680 -8.026340
v -0.272410 -0.750030 -8.344960
v 0.243630 -1.445030 -6.474510
v 0.394760 -0.743870 -6.474510
v 0.478350 -0.743870 -4.918150
v 0.478350 -0.743870 -4.918150
v 0.292730 -1.447530 -4.918150
v 0.243630 -1.445030 -6.474510
v 0.000000 -0.932460 -7.262250
v 0.000000 -0.743870 -7.273180
v 0.073940 -0.932460 -7.239210
v 0.376180 -1.217300 -3.986590
v 0.182050 -1.574000 -3.106950
v 0.260230 -1.478560 -3.983720
v 0.205930 -1.356830 -6.781370
v 0.149010 -1.138810 -7.045650
v 0.249830 -0.743870 -7.045650
v 0.249830 -0.743870 -7.045650
v 0.334920 -0.743870 -6.781370
v 0.205930 -1.356830 -6.781370
v 0.205930 -1.356830 -6.781370
v 0.334920 -0.743870 -6.781370
v 0.394760 -0.743870 -6.474510
v 0.394760 -0.743870 -6.474510
v 0.243630 -1.445030 -6.474510
v 0.205930 -1.356830 -6.781370
v 0.376180 -1.217300 -3.986590
v 0.260230 -1.478560 -3.983720
v 0.292730 -1.447530 -4.918150
v 0.292730 -1.447530 -4.918150
v 0.478350 -0.743870 -4.918150
v 0.376180 -1.217300 -3.986590
v 0.073940 -0.932460 -7.239210
v 0.000000 -0.743870 -7.273180
v 0.249830 -0.743870 -7.045650
v 0.182050 -1.574000 -3.106950
v 0.000000 -1.693830 -3.106950
v 0.260230 -1.478560 -3.983720
v 0.073940 -0.932460 -7.239210
v 0.149010 -1.138810 -7.045650
v 0.000000 -1.249970 -7.045650
v 0.000000 -1.249970 -7.045650
v 0.000000 -0.932460 -7.262250
v 0.073940 -0.932460 -7.239210
v 0.243630 -1.445030 -6.474510
v 0.292730 -1.447530 -4.918150
v 0.000000 -1.540930 -4.918150
v 0.000000 -1.540930 -4.918150
v 0.000000 -1.540930 -6.474510
v 0.243630 -1.445030 -6.474510
v 0.000000 -1.463380 -6.781370
v 0.000000 -1.249970 -7.045650
v 0.149010 -1.138810 -7.045650
v 0.149010 -1.138810 -7.045650
v 0.205930 -1.356830 -6.781370
v 0.000000 -1.463380 -6.781370
v 0.205930 -1.356830 -6.781370
v 0.243630 -1.445030 -6.474510
v 0.000000 -1.540930 -6.474510
v 0.000000 -1.540930 -6.474510
v 0.000000 -1.463380 -6.781370
v 0.205930 -1.356830 -6.781370
v 0.292730 -1.447530 -4.918150
v 0.260230 -1.478560 -3.983720
v 0.000000 -1.572110 -3.983810
v 0.000000 -1.572110 -3.983810
v 0.000000 -1.540930 -4.918150
v 0.292730 -1.447530 -4.918150
v 0.260230 -1.478560 -3.983720
v 0.000000 -1.693830 -3.106950
v 0.000000 -1.572110 -3.983810
v 0.073940 -0.932460 -7.239210
v 0.249830 -0.743870 -7.045650
v 0.149010 -1.138810 -7.045650
v 0.482810 -1.237950 -4.491520
v 0.482810 -1.484710 -3.770980
v 0.000000 -1.484710 -3.770980
v 0.000000 -1.484710 -3.770980
v 0.000000 -1.237950 -4.491520
v 0.482810 -1.237950 -4.491520
v 0.000000 -0.095600 -4.491520
v 0.000000 -0.083530 -3.770980
v 0.400150 -0.002530 -3.770980
v 0.400150 -0.002530 -3.770980
v 0.400190 -0.014610 -4.491520
v 0.000000 -0.095600 -4.491520
v 0.582420 0.157710 -4.491520
v 0.582420 0.169660 -3.770980
v 0.582420 -1.322000 -3.770980
v 0.582420 -1.322000 -3.770980
v 0.582420 -1.078930 -4.491520
v 0.582420 0.157710 -4.491520
v 0.582420 -1.078930 -4.491520
v 0.582420 -1.018810 -5.404570
v 0.582420 0.071190 -5.404570
v 0.582420 0.071190 -5.404570
v 0.582420 0.157710 -4.491520
v 0.582420 -1.078930 -4.491520
v 0.000000 0.105320 -5.161900
v 0.285090 0.108420 -5.132530
v 0.399420 0.321340 -5.404570
v 0.399420 0.321340 -5.404570
v 0.000000 0.306880 -5.734540
v 0.000000 0.105320 -5.161900
v 0.000000 -1.237950 -4.491520
v 0.000000 -1.173790 -5.404570
v 0.482810 -1.173790 -5.404570
v 0.482810 -1.173790 -5.404570
v 0.482810 -1.237950 -4.491520
v 0.000000 -1.237950 -4.491520
v 0.582420 -1.018810 -5.404570
v 0.582420 -0.978950 -6.289500
v 0.566670 -0.111950 -6.289500
v 0.566670 -0.111950 -6.289500
v 0.582420 0.071190 -5.404570
v 0.582420 -1.018810 -5.404570
v 0.399420 0.321340 -5.404570
v 0.381740 0.143980 -6.289500
v 0.000000 0.214270 -6.289500
v 0.000000 0.214270 -6.289500
v 0.000000 0.306880 -5.734540
v 0.399420 0.321340 -5.404570
v 0.000000 -1.173790 -5.404570
v 0.000000 -1.133260 -6.289500
v 0.465110 -1.133260 -6.289500
v 0.465110 -1.133260 -6.289500
v 0.482810 -1.173790 -5.404570
v 0.000000 -1.173790 -5.404570
v 0.582420 -0.978950 -6.289500
v 0.554230 -0.978820 -7.195970
v 0.554230 -0.362030 -7.195970
v 0.554230 -0.362030 -7.195970
v 0.566670 -0.111950 -6.289500
v 0.582420 -0.978950 -6.289500
v 0.381740 0.143980 -6.289500
v 0.370620 -0.110740 -7.195970
v 0.000000 -0.041130 -7.195970
v 0.000000 -0.041130 -7.195970
v 0.000000 0.214270 -6.289500
v 0.381740 0.143980 -6.289500
v 0.000000 -1.133260 -6.289500
v 0.000000 -1.133260 -7.195970
v 0.420180 -1.133260 -7.195970
v 0.420180 -1.133260 -7.195970
v 0.465110 -1.133260 -6.289500
v 0.000000 -1.133260 -6.289500
v 0.449300 -0.920300 -8.026340
v 0.449300 -0.652680 -8.026340
v 0.554230 -0.362030 -7.195970
v 0.554230 -0.362030 -7.195970
v 0.554230 -0.978820 -7.195970
v 0.449300 -0.920300 -8.026340
v 0.370620 -0.110740 -7.195970
v 0.272270 -0.439560 -8.026340
v 0.000000 -0.376480 -8.043280
v 0.000000 -0.376480 -8.043280
v 0.000000 -0.041130 -7.195970
v 0.370620 -0.110740 -7.195970
v 0.000000 -1.133260 -7.195970
v 0.000000 -1.082590 -8.026340
v 0.278320 -1.082590 -8.026340
v 0.278320 -1.082590 -8.026340
v 0.420180 -1.133260 -7.195970
v 0.000000 -1.133260 -7.195970
v 0.449300 -0.920300 -8.026340
v 0.259210 -0.848410 -8.344960
v 0.272410 -0.750030 -8.344960
v 0.272270 -0.439560 -8.026340
v 0.272410 -0.750030 -8.344960
v 0.000000 -0.599750 -8.344960
v 0.000000 -0.599750 -8.344960
v 0.000000 -0.376480 -8.043280
v 0.272270 -0.439560 -8.026340
v 0.000000 -1.082590 -8.026340
v 0.000000 -0.956960 -8.344960
v 0.141270 -0.940660 -8.344960
v 0.141270 -0.940660 -8.344960
v 0.278320 -1.082590 -8.026340
v 0.000000 -1.082590 -8.026340
v 0.000000 -0.791580 -8.426190
v 0.272410 -0.750030 -8.344960
v 0.259210 -0.848410 -8.344960
v 0.272410 -0.750030 -8.344960
v 0.000000 -0.791580 -8.426190
v 0.000000 -0.599750 -8.344960
v 0.000000 -0.956960 -8.344960
v 0.000000 -0.791580 -8.426190
v 0.141270 -0.940660 -8.344960
v 0.482810 -1.484710 -3.770980
v 0.482810 -1.751570 -2.983060
v 0.000000 -1.751570 -2.983060
v 0.000000 -1.751570 -2.983060
v 0.000000 -1.484710 -3.770980
v 0.482810 -1.484710 -3.770980
v 0.399580 0.267320 -2.983060
v 0.285220 0.047880 -3.328550
v 0.000000 0.040160 -3.273410
v 0.000000 0.040160 -3.273410
v 0.000000 0.252880 -2.653090
v 0.399580 0.267320 -2.983060
v 0.582420 0.169660 -3.770980
v 0.582420 0.018120 -2.983060
v 0.582420 -1.622720 -2.983060
v 0.582420 -1.622720 -2.983060
v 0.582420 -1.322000 -3.770980
v 0.582420 0.169660 -3.770980
v 0.482810 -1.751570 -2.983060
v 0.482810 -1.850830 -2.393770
v 0.000000 -1.850830 -2.393770
v 0.000000 -1.850830 -2.393770
v 0.000000 -1.751570 -2.983060
v 0.482810 -1.751570 -2.983060
v 0.000000 0.252880 -2.653090
v 0.000000 0.114690 -2.194970
v 0.399290 0.043350 -2.195030
v 0.399290 0.043350 -2.195030
v 0.399580 0.267320 -2.983060
v 0.000000 0.252880 -2.653090
v 0.582420 0.018120 -2.983060
v 0.582420 -0.206670 -2.195040
v 0.582420 -1.778020 -2.396570
v 0.582420 -1.778020 -2.396570
v 0.582420 -1.622720 -2.983060
v 0.582420 0.018120 -2.983060
v 0.482810 -1.882690 -1.993730
v 0.482810 -1.878040 -1.407230
v 0.000000 -1.878040 -1.407230
v 0.000000 -1.878040 -1.407230
v 0.000000 -1.882690 -1.993730
v 0.482810 -1.882690 -1.993730
v 0.000000 0.114690 -2.194970
v 0.000000 -0.104990 -1.407230
v 0.399530 -0.176400 -1.407230
v 0.399530 -0.176400 -1.407230
v 0.399290 0.043350 -2.195030
v 0.000000 0.114690 -2.194970
v 0.582420 -0.206670 -2.195040
v 0.582420 -0.425740 -1.407230
v 0.582420 -1.713500 -1.407230
v 0.582420 -1.713500 -1.407230
v 0.582420 -1.783260 -1.997980
v 0.582420 -0.206670 -2.195040
v 0.482810 -1.878040 -1.407230
v 0.400220 -1.685910 -0.619320
v 0.000000 -1.757440 -0.619320
v 0.000000 -1.757440 -0.619320
v 0.000000 -1.878040 -1.407230
v 0.482810 -1.878040 -1.407230
v 0.000000 -0.104990 -1.407230
v 0.000000 -0.273920 -0.619320
v 0.400220 -0.345450 -0.619320
v 0.400220 -0.345450 -0.619320
v 0.399530 -0.176400 -1.407230
v 0.000000 -0.104990 -1.407230
v 0.582420 -0.425740 -1.407230
v 0.582420 -0.503210 -0.619320
v 0.582420 -1.438600 -0.619320
v 0.582420 -1.438600 -0.619320
v 0.582420 -1.713500 -1.407230
v 0.582420 -0.425740 -1.407230
v 0.259210 -0.848410 -8.344960
v 0.141270 -0.940660 -8.344960
v 0.000000 -0.791580 -8.426190
v 0.482810 -1.751570 -2.983060
v 0.582420 -1.622720 -2.983060
v 0.582420 -1.778020 -2.396570
v 0.582420 -1.778020 -2.396570
v 0.482810 -1.850830 -2.393770
v 0.482810 -1.751570 -2.983060
v 0.482810 -1.484710 -3.770980
v 0.482810 -1.237950 -4.491520
v 0.582420 -1.078930 -4.491520
v 0.582420 -1.078930 -4.491520
v 0.582420 -1.322000 -3.770980
v 0.482810 -1.484710 -3.770980
v 0.482810 -1.237950 -4.491520
v 0.482810 -1.173790 -5.404570
v 0.582420 -1.018810 -5.404570
v 0.582420 -1.018810 -5.404570
v 0.582420 -1.078930 -4.491520
v 0.482810 -1.237950 -4.491520
v 0.482810 -1.173790 -5.404570
v 0.465110 -1.133260 -6.289500
v 0.582420 -0.978950 -6.289500
v 0.582420 -0.978950 -6.289500
v 0.582420 -1.018810 -5.404570
v 0.482810 -1.173790 -5.404570
v 0.465110 -1.133260 -6.289500
v 0.420180 -1.133260 -7.195970
v 0.554230 -0.978820 -7.195970
v 0.554230 -0.978820 -7.195970
v 0.582420 -0.978950 -6.289500
v 0.465110 -1.133260 -6.289500
v 0.420180 -1.133260 -7.195970
v 0.278320 -1.082590 -8.026340
v 0.449300 -0.920300 -8.026340
v 0.449300 -0.920300 -8.026340
v 0.554230 -0.978820 -7.195970
v 0.420180 -1.133260 -7.195970
v 0.278320 -1.082590 -8.026340
v 0.141270 -0.940660 -8.344960
v 0.259210 -0.848410 -8.344960
v 0.259210 -0.848410 -8.344960
v 0.449300 -0.920300 -8.026340
v 0.278320 -1.082590 -8.026340
v 0.582420 -1.322000 -3.770980
v 0.582420 -1.622720 -2.983060
v 0.482810 -1.751570 -2.983060
v 0.482810 -1.751570 -2.983060
v 0.482810 -1.484710 -3.770980
v 0.582420 -1.322000 -3.770980
v 0.482810 -1.850830 -2.393770
v 0.582420 -1.778020 -2.396570
v 0.582420 -1.783260 -1.997980
v 0.582420 -1.783260 -1.997980
v 0.482810 -1.882690 -1.993730
v 0.482810 -1.850830 -2.393770
v 0.482810 -1.882690 -1.993730
v 0.000000 -1.882690 -1.993730
v 0.000000 -1.850830 -2.393770
v 0.000000 -1.850830 -2.393770
v 0.482810 -1.850830 -2.393770
v 0.482810 -1.882690 -1.993730
v 0.582420 -0.206670 -2.195040
v 0.582420 -1.783260 -1.997980
v 0.582420 -1.778020 -2.396570
v 0.182700 -2.764030 2.659090
v 0.182700 -2.750420 3.079630
v 0.210960 -2.863150 3.079630
v 0.210960 -2.863150 3.079630
v 0.210960 -2.863150 2.695160
v 0.182700 -2.764030 2.659090
v 0.210960 -2.863150 2.695160
v 0.210960 -2.863150 3.079630
v 0.182700 -2.962270 3.079630
v 0.182700 -2.962270 3.079630
v 0.182700 -2.962270 2.731240
v 0.210960 -2.863150 2.695160
v 0.182700 -2.962270 2.731240
v 0.182700 -2.962270 3.079630
v 0.105480 -3.034830 3.079630
v 0.105480 -3.034830 3.079630
v 0.105480 -3.034830 2.757650
v 0.182700 -2.962270 2.731240
v 0.105480 -3.034830 2.757650
v 0.105480 -3.034830 3.079630
v 0.000000 -3.061390 3.079630
v 0.000000 -3.061390 3.079630
v 0.000000 -3.061390 2.767320
v 0.105480 -3.034830 2.757650
v 0.140150 -2.735920 3.397500
v 0.000000 -2.643340 3.917640
v 0.163440 -2.813640 3.392310
v 0.163440 -2.813640 3.392310
v 0.000000 -2.643340 3.917640
v 0.143570 -2.893970 3.384780
v 0.143570 -2.893970 3.384780
v 0.000000 -2.643340 3.917640
v 0.083800 -2.954370 3.378940
v 0.083800 -2.954370 3.378940
v 0.000000 -2.643340 3.917640
v 0.000000 -2.976740 3.376870
v 0.140150 -2.735920 3.397500
v 0.163440 -2.813640 3.392310
v 0.210960 -2.863150 3.079630
v 0.210960 -2.863150 3.079630
v 0.182700 -2.750420 3.079630
v 0.140150 -2.735920 3.397500
v 0.163440 -2.813640 3.392310
v 0.143570 -2.893970 3.384780
v 0.182700 -2.962270 3.079630
v 0.182700 -2.962270 3.079630
v 0.210960 -2.863150 3.079630
v 0.163440 -2.813640 3.392310
v 0.143570 -2.893970 3.384780
v 0.083800 -2.954370 3.378940
v 0.105480 -3.034830 3.079630
v 0.105480 -3.034830 3.079630
v 0.182700 -2.962270 3.079630
v 0.143570 -2.893970 3.384780
v 0.083800 -2.954370 3.378940
v 0.000000 -2.976740 3.376870
v 0.000000 -3.061390 3.079630
v 0.000000 -3.061390 3.079630
v 0.105480 -3.034830 3.079630
v 0.083800 -2.954370 3.378940
v 0.210960 -2.863150 2.695160
v 0.182700 -2.962270 2.731240
v 0.105480 -3.034830 2.757650
v 0.105480 -3.034830 2.757650
v 0.000000 -3.061390 2.767320
v 0.000000 -2.764030 2.659090
v 0.210960 -2.863150 2.695160
v 0.105480 -3.034830 2.757650
v 0.000000 -2.764030 2.659090
v 0.210960 -2.863150 2.695160
v 0.000000 -2.764030 2.659090
v 0.182700 -2.764030 2.659090
v 12.869040 -1.202430 4.469550
v 12.869040 -1.157640 4.719790
v 1.657920 -1.171020 1.637920
v 1.657920 -1.171020 1.637920
v 1.651150 -1.277390 0.684070
v 12.869040 -1.202430 4.469550
v 1.651150 -1.100080 1.641980
v 12.869040 -1.112790 4.719790
v 12.869040 -1.068000 4.469550
v 12.869040 -1.068000 4.469550
v 1.651150 -0.970740 0.997820
v 1.651150 -1.100080 1.641980
v 12.869040 -1.157640 4.719790
v 12.869040 -1.202430 4.469550
v 12.930940 -1.135210 4.452620
v 12.930940 -1.135210 4.452620
v 12.930940 -1.135210 4.792420
v 12.869040 -1.157640 4.719790
v 12.930940 -1.135210 4.273640
v 12.869040 -1.186320 4.337740
v 1.651150 -1.243320 -0.028600
v 1.651150 -1.243320 -0.028600
v 1.651150 -1.135210 -0.100070
v 12.930940 -1.135210 4.273640
v 0.192570 -1.171500 2.696830
v 1.148870 -1.171330 1.862040
v 1.152280 -1.135210 1.931720
v 1.152280 -1.135210 1.931720
v 0.192570 -1.135210 2.767930
v 0.192570 -1.171500 2.696830
v 12.869040 -1.112790 4.719790
v 1.651150 -1.100080 1.641980
v 1.651150 -1.135210 1.717480
v 1.651150 -1.135210 1.717480
v 12.930940 -1.135210 4.792420
v 12.869040 -1.112790 4.719790
v 0.192570 -1.135210 -1.293050
v 0.192570 -1.023540 -1.221570
v 1.651150 -1.027110 -0.028600
v 1.651150 -1.027110 -0.028600
v 1.651150 -1.135210 -0.100070
v 0.192570 -1.135210 -1.293050
v 12.869040 -1.084110 4.337740
v 12.869040 -1.068000 4.469550
v 12.930940 -1.135210 4.452620
v 12.930940 -1.135210 4.452620
v 12.930940 -1.135210 4.273640
v 12.869040 -1.084110 4.337740
v 1.651150 -1.243320 -0.028600
v 1.651150 -1.277390 0.684070
v 0.192570 -1.282080 0.679060
v 0.192570 -1.282080 0.679060
v 0.192570 -1.246880 -1.221570
v 1.651150 -1.243320 -0.028600
v 1.148870 -1.098500 1.862040
v 1.417810 -1.099000 1.781850
v 1.651150 -1.100080 1.641980
v 1.148870 -1.098500 1.862040
v 1.651150 -1.100080 1.641980
v 1.651150 -0.970740 0.997820
v 1.148870 -1.098500 1.862040
v 1.651150 -0.970740 0.997820
v 0.192570 -0.953150 0.995130
v 1.148870 -1.098500 1.862040
v 0.192570 -0.953150 0.995130
v 0.192570 -1.098920 2.696830
v 0.192570 -1.135210 -1.293050
v 1.651150 -1.135210 -0.100070
v 1.651150 -1.243320 -0.028600
v 1.651150 -1.243320 -0.028600
v 0.192570 -1.246880 -1.221570
v 0.192570 -1.135210 -1.293050
v 1.651150 -1.135210 1.717480
v 1.657920 -1.171020 1.637920
v 12.869040 -1.157640 4.719790
v 12.869040 -1.157640 4.719790
v 12.930940 -1.135210 4.792420
v 1.651150 -1.135210 1.717480
v 1.651150 -1.135210 1.717480
v 1.651150 -1.100080 1.641980
v 1.417810 -1.099000 1.781850
v 1.417810 -1.099000 1.781850
v 1.422780 -1.135210 1.851780
v 1.651150 -1.135210 1.717480
v 12.930940 -1.135210 4.273640
v 1.651150 -1.135210 -0.100070
v 1.651150 -1.027110 -0.028600
v 1.651150 -1.027110 -0.028600
v 12.869040 -1.084110 4.337740
v 12.930940 -1.135210 4.273640
v 1.651150 -1.135210 1.717480
v 1.422780 -1.135210 1.851780
v 1.418820 -1.171210 1.781250
v 1.418820 -1.171210 1.781250
v 1.657920 -1.171020 1.637920
v 1.651150 -1.135210 1.717480
v 1.152280 -1.135210 1.931720
v 1.148870 -1.098500 1.862040
v 0.192570 -1.098920 2.696830
v 0.192570 -1.098920 2.696830
v 0.192570 -1.135210 2.767930
v 1.152280 -1.135210 1.931720
v 12.869040 -1.186320 4.337740
v 12.869040 -1.202430 4.469550
v 1.651150 -1.277390 0.684070
v 1.651150 -1.277390 0.684070
v 1.651150 -1.243320 -0.028600
v 12.869040 -1.186320 4.337740
v 12.869040 -1.068000 4.469550
v 12.869040 -1.084110 4.337740
v 1.651150 -1.027110 -0.028600
v 1.651150 -1.027110 -0.028600
v 1.651150 -0.981410 0.164540
v 12.869040 -1.068000 4.469550
v 12.930940 -1.135210 4.452620
v 12.869040 -1.202430 4.469550
v 12.869040 -1.186320 4.337740
v 12.869040 -1.186320 4.337740
v 12.930940 -1.135210 4.273640
v 12.930940 -1.135210 4.452620
v 12.930940 -1.135210 4.452620
v 12.869040 -1.068000 4.469550
v 12.869040 -1.112790 4.719790
v 12.869040 -1.112790 4.719790
v 12.930940 -1.135210 4.792420
v 12.930940 -1.135210 4.452620
v 1.148870 -1.171330 1.862040
v 0.192570 -1.171500 2.696830
v 0.192570 -1.282080 0.679060
v 1.418820 -1.171210 1.781250
v 1.148870 -1.171330 1.862040
v 0.192570 -1.282080 0.679060
v 1.418820 -1.171210 1.781250
v 0.192570 -1.282080 0.679060
v 1.651150 -1.277390 0.684070
v 1.418820 -1.171210 1.781250
v 1.651150 -1.277390 0.684070
v 1.657920 -1.171020 1.637920
v 0.192570 -0.961310 0.156280
v 1.651150 -0.981410 0.164540
v 1.651150 -1.027110 -0.028600
v 1.651150 -1.027110 -0.028600
v 0.192570 -1.023540 -1.221570
v 0.192570 -0.961310 0.156280
v 0.582420 -1.783260 -1.997980
v 0.582420 -1.713500 -1.407230
v 0.482810 -1.878040 -1.407230
v 0.482810 -1.878040 -1.407230
v 0.482810 -1.882690 -1.993730
v 0.582420 -1.783260 -1.997980
v 0.582420 -1.713500 -1.407230
v 0.582420 -1.438600 -0.619320
v 0.400220 -1.685910 -0.619320
v 0.400220 -1.685910 -0.619320
v 0.482810 -1.878040 -1.407230
v 0.582420 -1.713500 -1.407230
v 1.651150 -0.970740 0.997820
v 12.869040 -1.068000 4.469550
v 1.651150 -0.981410 0.164540
v 0.192570 -0.953150 0.995130
v 1.651150 -0.970740 0.997820
v 1.651150 -0.981410 0.164540
v 1.651150 -0.981410 0.164540
v 0.192570 -0.961310 0.156280
v 0.192570 -0.953150 0.995130
v 1.152280 -1.135210 1.931720
v 1.148870 -1.171330 1.862040
v 1.418820 -1.171210 1.781250
v 1.418820 -1.171210 1.781250
v 1.422780 -1.135210 1.851780
v 1.152280 -1.135210 1.931720
v 1.422780 -1.135210 1.851780
v 1.417810 -1.099000 1.781850
v 1.148870 -1.098500 1.862040
v 1.148870 -1.098500 1.862040
v 1.152280 -1.135210 1.931720
v 1.422780 -1.135210 1.851780
v 0.272270 -0.439560 -8.026340
v 0.449300 -0.652680 -8.026340
v 0.272410 -0.750030 -8.344960
v 0.400190 -0.014610 -4.491520
v 0.400150 -0.002530 -3.770980
v 0.582420 0.169660 -3.770980
v 0.582420 0.169660 -3.770980
v 0.582420 0.157710 -4.491520
v 0.400190 -0.014610 -4.491520
v 0.399420 0.321340 -5.404570
v 0.582420 0.157710 -4.491520
v 0.582420 0.071190 -5.404570
v 0.582420 0.071190 -5.404570
v 0.566670 -0.111950 -6.289500
v 0.381740 0.143980 -6.289500
v 0.381740 0.143980 -6.289500
v 0.399420 0.321340 -5.404570
v 0.582420 0.071190 -5.404570
v 0.566670 -0.111950 -6.289500
v 0.554230 -0.362030 -7.195970
v 0.370620 -0.110740 -7.195970
v 0.370620 -0.110740 -7.195970
v 0.381740 0.143980 -6.289500
v 0.566670 -0.111950 -6.289500
v 0.554230 -0.362030 -7.195970
v 0.449300 -0.652680 -8.026340
v 0.272270 -0.439560 -8.026340
v 0.272270 -0.439560 -8.026340
v 0.370620 -0.110740 -7.195970
v 0.554230 -0.362030 -7.195970
v 0.582420 0.018120 -2.983060
v 0.582420 0.169660 -3.770980
v 0.399580 0.267320 -2.983060
v 0.399580 0.267320 -2.983060
v 0.399290 0.043350 -2.195030
v 0.582420 -0.206670 -2.195040
v 0.582420 -0.206670 -2.195040
v 0.582420 0.018120 -2.983060
v 0.399580 0.267320 -2.983060
v 0.399290 0.043350 -2.195030
v 0.399530 -0.176400 -1.407230
v 0.582420 -0.425740 -1.407230
v 0.582420 -0.425740 -1.407230
v 0.582420 -0.206670 -2.195040
v 0.399290 0.043350 -2.195030
v 0.399530 -0.176400 -1.407230
v 0.400220 -0.345450 -0.619320
v 0.582420 -0.503210 -0.619320
v 0.582420 -0.503210 -0.619320
v 0.582420 -0.425740 -1.407230
v 0.399530 -0.176400 -1.407230
v 0.449300 -0.920300 -8.026340
v 0.272410 -0.750030 -8.344960
v 0.449300 -0.652680 -8.026340
v 0.023200 -0.613710 1.438410
v 0.023200 -0.386240 1.352800
v -0.023200 -0.386240 1.352800
v -0.023200 -0.386240 1.352800
v -0.023200 -0.613710 1.438410
v 0.023200 -0.613710 1.438410
v 0.000000 -0.346640 1.652700
v -0.014900 -0.361540 1.652700
v 0.000000 -0.376440 1.652700
v 0.014900 -0.361540 1.652700
v 0.000000 -0.346640 1.652700
v 0.000000 -0.376440 1.652700
v -0.023200 -0.613710 1.252800
v -0.023200 -0.613710 1.438410
v -0.023200 -0.386240 1.352800
v -0.023200 -0.386240 1.352800
v -0.023200 -0.386240 1.167190
v -0.023200 -0.613710 1.252800
v 0.023200 -0.386240 1.167190
v 0.023200 -0.613710 1.252800
v -0.023200 -0.613710 1.252800
v -0.023200 -0.613710 1.252800
v -0.023200 -0.386240 1.167190
v 0.023200 -0.386240 1.167190
v 0.023200 -0.613710 1.252800
v 0.023200 -0.386240 1.167190
v 0.023200 -0.386240 1.352800
v 0.023200 -0.386240 1.352800
v 0.023200 -0.613710 1.438410
v 0.023200 -0.613710 1.252800
v 0.023200 -0.386240 1.352800
v 0.023200 -0.386240 1.167190
v -0.023200 -0.386240 1.167190
v -0.023200 -0.386240 1.167190
v -0.023200 -0.386240 1.352800
v 0.023200 -0.386240 1.352800
v -0.014900 -0.361540 1.652700
v -0.031240 -0.361540 1.159650
v 0.000000 -0.392770 1.159660
v 0.000000 -0.392770 1.159660
v 0.000000 -0.376440 1.652700
v -0.014900 -0.361540 1.652700
v 0.000000 -0.346640 1.652700
v 0.000000 -0.330300 1.159650
v -0.031240 -0.361540 1.159650
v -0.031240 -0.361540 1.159650
v -0.014900 -0.361540 1.652700
v 0.000000 -0.346640 1.652700
v 0.014900 -0.361540 1.652700
v 0.031240 -0.361540 1.159650
v 0.000000 -0.330300 1.159650
v 0.000000 -0.330300 1.159650
v 0.000000 -0.346640 1.652700
v 0.014900 -0.361540 1.652700
v 0.000000 -0.376440 1.652700
v 0.000000 -0.392770 1.159660
v 0.031240 -0.361540 1.159650
v 0.031240 -0.361540 1.159650
v 0.014900 -0.361540 1.652700
v 0.000000 -0.376440 1.652700
v -0.031240 -0.361540 1.159650
v 0.000000 -0.330300 1.159650
v 0.031240 -0.361540 1.159650
v 0.031240 -0.361540 1.159650
v 0.000000 -0.392770 1.159660
v -0.031240 -0.361540 1.159650
v 0.400220 -0.345450 -0.619320
v 0.000000 -0.273920 -0.619320
v 0.000000 -0.432330 0.168600
v 0.000000 -0.432330 0.168600
v 0.419450 -0.432330 0.168600
v 0.400220 -0.345450 -0.619320
v 0.582420 -1.438600 -0.619320
v 0.582420 -0.503210 -0.619320
v 0.582420 -0.525190 0.168600
v 0.582420 -0.525190 0.168600
v 0.582420 -1.408220 0.168600
v 0.582420 -1.438600 -0.619320
v 0.419450 -0.432330 0.168600
v 0.000000 -0.432330 0.168600
v 0.000000 -0.518390 0.956510
v 0.000000 -0.518390 0.956510
v 0.445790 -0.518390 0.956510
v 0.419450 -0.432330 0.168600
v 0.582420 -1.408220 0.168600
v 0.582420 -0.525190 0.168600
v 0.582420 -0.558580 0.956510
v 0.582420 -0.558580 0.956510
v 0.582420 -1.408220 0.956510
v 0.582420 -1.408220 0.168600
v 0.445790 -0.518390 0.956510
v 0.000000 -0.518390 0.956510
v 0.000000 -0.584660 1.741220
v 0.000000 -0.584660 1.741220
v 0.463160 -0.584620 1.740760
v 0.445790 -0.518390 0.956510
v 0.582420 -1.408220 0.956510
v 0.582420 -0.558580 0.956510
v 0.582420 -0.624730 1.740640
v 0.582420 -0.624730 1.740640
v 0.582420 -1.408220 1.740110
v 0.582420 -1.408220 0.956510
v 0.000000 -0.626780 2.367680
v 0.000000 -0.687040 3.570800
v 0.482810 -0.687040 3.570880
v 0.482810 -0.687040 3.570880
v 0.482810 -0.626790 2.367840
v 0.000000 -0.626780 2.367680
v 0.582420 -1.462230 2.368070
v 0.582420 -0.666870 2.367890
v 0.582420 -0.727090 3.570900
v 0.582420 -0.727090 3.570900
v 0.582400 -1.462230 3.570990
v 0.582420 -1.462230 2.368070
v 0.582420 -1.462230 2.368070
v 0.582400 -1.462230 3.570990
v 0.581780 -2.352190 3.571000
v 0.581780 -2.352190 3.571000
v 0.581780 -2.379380 2.368070
v 0.582420 -1.462230 2.368070
v 0.000000 -0.843840 5.316760
v 0.000000 -1.068400 6.025320
v 0.433400 -1.068400 6.025320
v 0.433400 -1.068400 6.025320
v 0.453710 -0.843840 5.316760
v 0.000000 -0.843840 5.316760
v 0.565230 -1.359670 5.316760
v 0.533080 -1.350400 6.025320
v 0.414890 -1.484660 6.025330
v 0.414890 -1.484660 6.025330
v 0.492350 -1.515510 5.316760
v 0.565230 -1.359670 5.316760
v 0.556710 -0.885090 5.316760
v 0.533080 -1.111810 6.025320
v 0.533080 -1.350400 6.025320
v 0.533080 -1.350400 6.025320
v 0.565230 -1.359670 5.316760
v 0.556710 -0.885090 5.316760
v 0.000000 -1.068400 6.025320
v 0.000000 -1.417680 6.663050
v 0.394430 -1.412330 6.655070
v 0.394430 -1.412330 6.655070
v 0.433400 -1.068400 6.025320
v 0.000000 -1.068400 6.025320
v 0.533080 -1.111810 6.025320
v 0.471100 -1.386640 6.602820
v 0.471100 -1.446720 6.576600
v 0.471100 -1.446720 6.576600
v 0.533080 -1.350400 6.025320
v 0.533080 -1.111810 6.025320
v 0.503280 -2.530710 4.773920
v 0.503280 -2.585330 3.571000
v 0.581780 -2.352190 3.571000
v 0.581780 -2.352190 3.571000
v 0.581780 -2.297570 4.773920
v 0.503280 -2.530710 4.773920
v 0.290570 -2.701370 4.773920
v 0.290570 -2.755990 3.571000
v 0.503280 -2.585330 3.571000
v 0.503280 -2.585330 3.571000
v 0.503280 -2.530710 4.773920
v 0.290570 -2.701370 4.773920
v 0.000000 -2.763840 4.773920
v 0.000000 -2.818460 3.571000
v 0.290570 -2.755990 3.571000
v 0.290570 -2.755990 3.571000
v 0.290570 -2.701370 4.773920
v 0.000000 -2.763840 4.773920
v 0.000000 -2.693380 5.316760
v 0.279090 -2.630790 5.316760
v 0.194080 -2.367280 6.040580
v 0.194080 -2.367280 6.040580
v 0.000000 -2.402240 6.028190
v 0.000000 -2.693380 5.316760
v 0.279090 -2.630790 5.316760
v 0.464050 -2.459780 5.316760
v 0.309070 -2.236760 6.078260
v 0.309070 -2.236760 6.078260
v 0.194080 -2.367280 6.040580
v 0.279090 -2.630790 5.316760
v 0.464050 -2.459780 5.316760
v 0.539380 -2.226180 5.316760
v 0.356890 -2.076900 6.142570
v 0.356890 -2.076900 6.142570
v 0.309070 -2.236760 6.078260
v 0.464050 -2.459780 5.316760
v 0.539380 -2.226180 5.316760
v 0.414890 -1.886570 6.025330
v 0.356890 -2.076900 6.142570
v 0.277800 -1.812250 6.309280
v 0.358620 -1.920340 6.231010
v 0.414890 -1.886570 6.025330
v 0.482810 -0.626790 2.367840
v 0.463160 -0.584620 1.740760
v 0.000000 -0.584660 1.741220
v 0.000000 -0.584660 1.741220
v 0.000000 -0.626780 2.367680
v 0.482810 -0.626790 2.367840
v 0.582420 -1.462230 2.368070
v 0.582420 -1.408220 1.740110
v 0.582420 -0.624730 1.740640
v 0.582420 -0.624730 1.740640
v 0.582420 -0.666870 2.367890
v 0.582420 -1.462230 2.368070
v 0.486440 -2.135930 5.316760
v 0.539380 -2.226180 5.316760
v 0.581780 -2.297570 4.773920
v 0.453710 -0.843840 5.316760
v 0.482760 -0.766890 4.773920
v 0.000000 -0.766900 4.773920
v 0.000000 -0.766900 4.773920
v 0.000000 -0.843840 5.316760
v 0.453710 -0.843840 5.316760
v 0.565230 -1.359670 5.316760
v 0.582420 -1.381850 4.773920
v 0.582420 -0.807230 4.773920
v 0.582420 -0.807230 4.773920
v 0.556710 -0.885090 5.316760
v 0.565230 -1.359670 5.316760
v 0.492350 -1.515510 5.316760
v 0.548840 -1.505320 4.773920
v 0.582420 -1.381850 4.773920
v 0.582420 -1.381850 4.773920
v 0.565230 -1.359670 5.316760
v 0.492350 -1.515510 5.316760
v 0.464050 -2.459780 5.316760
v 0.503280 -2.530710 4.773920
v 0.581780 -2.297570 4.773920
v 0.581780 -2.297570 4.773920
v 0.539380 -2.226180 5.316760
v 0.464050 -2.459780 5.316760
v 0.279090 -2.630790 5.316760
v 0.290570 -2.701370 4.773920
v 0.503280 -2.530710 4.773920
v 0.503280 -2.530710 4.773920
v 0.464050 -2.459780 5.316760
v 0.279090 -2.630790 5.316760
v 0.000000 -2.693380 5.316760
v 0.000000 -2.763840 4.773920
v 0.290570 -2.701370 4.773920
v 0.290570 -2.701370 4.773920
v 0.279090 -2.630790 5.316760
v 0.000000 -2.693380 5.316760
v 0.471100 -1.446720 6.576600
v 0.394430 -1.465910 6.633170
v 0.414890 -1.484660 6.025330
v 0.414890 -1.886570 6.025330
v 0.358620 -1.920340 6.231010
v 0.356890 -2.076900 6.142570
v 0.471100 -1.446720 6.576600
v 0.414890 -1.484660 6.025330
v 0.533080 -1.350400 6.025320
v 0.414890 -1.886570 6.025330
v 0.486440 -2.135930 5.316760
v 0.492350 -1.515510 5.316760
v 0.492350 -1.515510 5.316760
v 0.414890 -1.484660 6.025330
v 0.414890 -1.886570 6.025330
v 0.486440 -2.135930 5.316760
v 0.581780 -2.297570 4.773920
v 0.548840 -1.505320 4.773920
v 0.548840 -1.505320 4.773920
v 0.492350 -1.515510 5.316760
v 0.486440 -2.135930 5.316760
v 0.539380 -2.226180 5.316760
v 0.486440 -2.135930 5.316760
v 0.414890 -1.886570 6.025330
v 0.414890 -1.886570 6.025330
v 0.414890 -1.484660 6.025330
v 0.304820 -1.484660 6.025330
v 0.304820 -1.484660 6.025330
v 0.304820 -1.860640 6.025330
v 0.414890 -1.886570 6.025330
v 0.155190 -1.812960 6.131600
v 0.277800 -1.812250 6.309280
v 0.414890 -1.886570 6.025330
v 0.414890 -1.886570 6.025330
v 0.304820 -1.860640 6.025330
v 0.155190 -1.812960 6.131600
v 0.304820 -1.484660 6.025330
v 0.155190 -1.479670 6.131600
v 0.155190 -1.812960 6.131600
v 0.155190 -1.812960 6.131600
v 0.304820 -1.860640 6.025330
v 0.304820 -1.484660 6.025330
v 0.155190 -1.479670 6.131600
v 0.000000 -1.473080 6.452100
v 0.000000 -1.784100 6.453400
v 0.000000 -1.784100 6.453400
v 0.155190 -1.812960 6.131600
v 0.155190 -1.479670 6.131600
v 0.155190 -1.812960 6.131600
v 0.139380 -1.798220 6.346890
v 0.277800 -1.812250 6.309280
v 0.000000 -0.766900 4.773920
v 0.482760 -0.766890 4.773920
v 0.482810 -0.687040 3.570880
v 0.482810 -0.687040 3.570880
v 0.000000 -0.687040 3.570800
v 0.000000 -0.766900 4.773920
v 0.582420 -0.807230 4.773920
v 0.582420 -1.381850 4.773920
v 0.582400 -1.462230 3.570990
v 0.582400 -1.462230 3.570990
v 0.582420 -0.727090 3.570900
v 0.582420 -0.807230 4.773920
v 0.582400 -1.462230 3.570990
v 0.548840 -1.505320 4.773920
v 0.581780 -2.297570 4.773920
v 0.581780 -2.297570 4.773920
v 0.581780 -2.352190 3.571000
v 0.582400 -1.462230 3.570990
v 0.503280 -2.585330 3.571000
v 0.503280 -2.612510 2.368070
v 0.581780 -2.379380 2.368070
v 0.581780 -2.379380 2.368070
v 0.581780 -2.352190 3.571000
v 0.503280 -2.585330 3.571000
v 0.290570 -2.755990 3.571000
v 0.290570 -2.783170 2.368070
v 0.503280 -2.612510 2.368070
v 0.503280 -2.612510 2.368070
v 0.503280 -2.585330 3.571000
v 0.290570 -2.755990 3.571000
v 0.000000 -2.845640 2.368070
v 0.290570 -2.783170 2.368070
v 0.290570 -2.755990 3.571000
v 0.290570 -2.755990 3.571000
v 0.000000 -2.818460 3.571000
v 0.000000 -2.845640 2.368070
v 0.582400 -1.462230 3.570990
v 0.582420 -1.381850 4.773920
v 0.548840 -1.505320 4.773920
v 0.000000 -2.369930 4.953800
v 0.277800 -1.812250 6.309280
v 0.139380 -1.798220 6.346890
v 0.139380 -1.798220 6.346890
v 0.000000 -1.784100 6.453400
v 0.000000 -2.369930 4.953800
v 0.000000 -2.402240 6.028190
v 0.194080 -2.367280 6.040580
v 0.000000 -2.369930 4.953800
v 0.194080 -2.367280 6.040580
v 0.309070 -2.236760 6.078260
v 0.000000 -2.369930 4.953800
v 0.309070 -2.236760 6.078260
v 0.356890 -2.076900 6.142570
v 0.000000 -2.369930 4.953800
v 0.356890 -2.076900 6.142570
v 0.358620 -1.920340 6.231010
v 0.000000 -2.369930 4.953800
v 0.358620 -1.920340 6.231010
v 0.277800 -1.812250 6.309280
v 0.000000 -2.369930 4.953800
v 0.582420 -0.503210 -0.619320
v 0.400220 -0.345450 -0.619320
v 0.419450 -0.432330 0.168600
v 0.419450 -0.432330 0.168600
v 0.582420 -0.525190 0.168600
v 0.582420 -0.503210 -0.619320
v 0.582420 -0.525190 0.168600
v 0.419450 -0.432330 0.168600
v 0.445790 -0.518390 0.956510
v 0.445790 -0.518390 0.956510
v 0.582420 -0.558580 0.956510
v 0.582420 -0.525190 0.168600
v 0.582420 -0.558580 0.956510
v 0.445790 -0.518390 0.956510
v 0.463160 -0.584620 1.740760
v 0.463160 -0.584620 1.740760
v 0.582420 -0.624730 1.740640
v 0.582420 -0.558580 0.956510
v 0.582420 -0.666870 2.367890
v 0.482810 -0.626790 2.367840
v 0.482810 -0.687040 3.570880
v 0.482810 -0.687040 3.570880
v 0.582420 -0.727090 3.570900
v 0.582420 -0.666870 2.367890
v 0.556710 -0.885090 5.316760
v 0.453710 -0.843840 5.316760
v 0.433400 -1.068400 6.025320
v 0.433400 -1.068400 6.025320
v 0.533080 -1.111810 6.025320
v 0.556710 -0.885090 5.316760
v 0.533080 -1.111810 6.025320
v 0.433400 -1.068400 6.025320
v 0.394430 -1.412330 6.655070
v 0.394430 -1.412330 6.655070
v 0.471100 -1.386640 6.602820
v 0.533080 -1.111810 6.025320
v 0.482810 -0.626790 2.367840
v 0.582420 -0.666870 2.367890
v 0.582420 -0.624730 1.740640
v 0.582420 -0.624730 1.740640
v 0.463160 -0.584620 1.740760
v 0.482810 -0.626790 2.367840
v 0.582420 -0.807230 4.773920
v 0.482760 -0.766890 4.773920
v 0.453710 -0.843840 5.316760
v 0.453710 -0.843840 5.316760
v 0.556710 -0.885090 5.316760
v 0.582420 -0.807230 4.773920
v 0.582420 -0.727090 3.570900
v 0.482810 -0.687040 3.570880
v 0.482760 -0.766890 4.773920
v 0.482760 -0.766890 4.773920
v 0.582420 -0.807230 4.773920
v 0.582420 -0.727090 3.570900
v 0.000000 -1.473080 6.452100
v 0.155190 -1.479670 6.131600
v 0.304820 -1.484660 6.025330
v 0.304820 -1.484660 6.025330
v 0.414890 -1.484660 6.025330
v 0.394430 -1.465910 6.633170
v 0.000000 -1.473080 6.452100
v 0.304820 -1.484660 6.025330
v 0.394430 -1.465910 6.633170
v 0.000000 -1.473080 6.452100
v 0.394430 -1.465910 6.633170
v 0.000000 -1.466010 6.649590
v 0.000000 -1.417680 6.663050
v 0.000000 -1.466010 6.649590
v 0.394430 -1.465910 6.633170
v 0.394430 -1.465910 6.633170
v 0.394430 -1.412330 6.655070
v 0.000000 -1.417680 6.663050
v 0.471100 -1.446720 6.576600
v 0.471100 -1.386640 6.602820
v 0.394430 -1.412330 6.655070
v 0.394430 -1.412330 6.655070
v 0.394430 -1.465910 6.633170
v 0.471100 -1.446720 6.576600
v 0.155190 -1.812960 6.131600
v 0.000000 -1.784100 6.453400
v 0.139380 -1.798220 6.346890
v -0.400220 -0.345450 -0.619320
v -0.419450 -0.432330 0.168600
v 0.000000 -0.432330 0.168600
v 0.000000 -0.432330 0.168600
v 0.000000 -0.273920 -0.619320
v -0.400220 -0.345450 -0.619320
v -0.582420 -1.438600 -0.619320
v -0.582420 -1.408220 0.168600
v -0.582420 -0.525190 0.168600
v -0.582420 -0.525190 0.168600
v -0.582420 -0.503210 -0.619320
v -0.582420 -1.438600 -0.619320
v -0.419450 -0.432330 0.168600
v -0.445790 -0.518390 0.956510
v 0.000000 -0.518390 0.956510
v 0.000000 -0.518390 0.956510
v 0.000000 -0.432330 0.168600
v -0.419450 -0.432330 0.168600
v -0.582420 -1.408220 0.168600
v -0.582420 -1.408220 0.956510
v -0.582420 -0.558580 0.956510
v -0.582420 -0.558580 0.956510
v -0.582420 -0.525190 0.168600
v -0.582420 -1.408220 0.168600
v -0.445790 -0.518390 0.956510
v -0.463160 -0.584620 1.740760
v 0.000000 -0.584660 1.741220
v 0.000000 -0.584660 1.741220
v 0.000000 -0.518390 0.956510
v -0.445790 -0.518390 0.956510
v -0.582420 -1.408220 0.956510
v -0.582420 -1.408220 1.740110
v -0.582420 -0.624730 1.740640
v -0.582420 -0.624730 1.740640
v -0.582420 -0.558580 0.956510
v -0.582420 -1.408220 0.956510
v 0.000000 -0.626780 2.367680
v -0.482810 -0.626790 2.367840
v -0.482810 -0.687040 3.570880
v -0.482810 -0.687040 3.570880
v 0.000000 -0.687040 3.570800
v 0.000000 -0.626780 2.367680
v -0.582420 -1.462230 2.368070
v -0.582400 -1.462230 3.570990
v -0.582420 -0.727090 3.570900
v -0.582420 -0.727090 3.570900
v -0.582420 -0.666870 2.367890
v -0.582420 -1.462230 2.368070
v -0.582420 -1.462230 2.368070
v -0.581780 -2.379380 2.368070
v -0.581780 -2.352190 3.571000
v -0.581780 -2.352190 3.571000
v -0.582400 -1.462230 3.570990
v -0.582420 -1.462230 2.368070
v 0.000000 -0.843840 5.316760
v -0.453710 -0.843840 5.316760
v -0.433400 -1.068400 6.025320
v -0.433400 -1.068400 6.025320
v 0.000000 -1.068400 6.025320
v 0.000000 -0.843840 5.316760
v -0.565230 -1.359670 5.316760
v -0.492350 -1.515510 5.316760
v -0.414890 -1.484660 6.025330
v -0.414890 -1.484660 6.025330
v -0.533080 -1.350400 6.025320
v -0.565230 -1.359670 5.316760
v -0.556710 -0.885090 5.316760
v -0.565230 -1.359670 5.316760
v -0.533080 -1.350400 6.025320
v -0.533080 -1.350400 6.025320
v -0.533080 -1.111810 6.025320
v -0.556710 -0.885090 5.316760
v 0.000000 -1.068400 6.025320
v -0.433400 -1.068400 6.025320
v -0.394430 -1.412330 6.655070
v -0.394430 -1.412330 6.655070
v 0.000000 -1.417680 6.663050
v 0.000000 -1.068400 6.025320
v -0.533080 -1.111810 6.025320
v -0.533080 -1.350400 6.025320
v -0.471100 -1.446720 6.576600
v -0.471100 -1.446720 6.576600
v -0.471100 -1.386640 6.602820
v -0.533080 -1.111810 6.025320
v -0.503280 -2.530710 4.773920
v -0.581780 -2.297570 4.773920
v -0.581780 -2.352190 3.571000
v -0.581780 -2.352190 3.571000
v -0.503280 -2.585330 3.571000
v -0.503280 -2.530710 4.773920
v -0.290570 -2.701370 4.773920
v -0.503280 -2.530710 4.773920
v -0.503280 -2.585330 3.571000
v -0.503280 -2.585330 3.571000
v -0.290570 -2.755990 3.571000
v -0.290570 -2.701370 4.773920
v 0.000000 -2.763840 4.773920
v -0.290570 -2.701370 4.773920
v -0.290570 -2.755990 3.571000
v -0.290570 -2.755990 3.571000
v 0.000000 -2.818460 3.571000
v 0.000000 -2.763840 4.773920
v 0.000000 -2.693380 5.316760
v 0.000000 -2.402240 6.028190
v -0.194080 -2.367280 6.040580
v -0.194080 -2.367280 6.040580
v -0.279090 -2.630790 5.316760
v 0.000000 -2.693380 5.316760
v -0.279090 -2.630790 5.316760
v -0.194080 -2.367280 6.040580
v -0.309070 -2.236760 6.078260
v -0.309070 -2.236760 6.078260
v -0.464050 -2.459780 5.316760
v -0.279090 -2.630790 5.316760
v -0.464050 -2.459780 5.316760
v -0.309070 -2.236760 6.078260
v -0.356890 -2.076900 6.142570
v -0.356890 -2.076900 6.142570
v -0.539380 -2.226180 5.316760
v -0.464050 -2.459780 5.316760
v -0.539380 -2.226180 5.316760
v -0.356890 -2.076900 6.142570
v -0.414890 -1.886570 6.025330
v -0.277800 -1.812250 6.309280
v -0.414890 -1.886570 6.025330
v -0.358620 -1.920340 6.231010
v -0.482810 -0.626790 2.367840
v 0.000000 -0.626780 2.367680
v 0.000000 -0.584660 1.741220
v 0.000000 -0.584660 1.741220
v -0.463160 -0.584620 1.740760
v -0.482810 -0.626790 2.367840
v -0.582420 -1.462230 2.368070
v -0.582420 -0.666870 2.367890
v -0.582420 -0.624730 1.740640
v -0.582420 -0.624730 1.740640
v -0.582420 -1.408220 1.740110
v -0.582420 -1.462230 2.368070
v -0.486440 -2.135930 5.316760
v -0.581780 -2.297570 4.773920
v -0.539380 -2.226180 5.316760
v -0.453710 -0.843840 5.316760
v 0.000000 -0.843840 5.316760
v 0.000000 -0.766900 4.773920
v 0.000000 -0.766900 4.773920
v -0.482760 -0.766890 4.773920
v -0.453710 -0.843840 5.316760
v -0.565230 -1.359670 5.316760
v -0.556710 -0.885090 5.316760
v -0.582420 -0.807230 4.773920
v -0.582420 -0.807230 4.773920
v -0.582420 -1.381850 4.773920
v -0.565230 -1.359670 5.316760
v -0.492350 -1.515510 5.316760
v -0.565230 -1.359670 5.316760
v -0.582420 -1.381850 4.773920
v -0.582420 -1.381850 4.773920
v -0.548840 -1.505320 4.773920
v -0.492350 -1.515510 5.316760
v -0.464050 -2.459780 5.316760
v -0.539380 -2.226180 5.316760
v -0.581780 -2.297570 4.773920
v -0.581780 -2.297570 4.773920
v -0.503280 -2.530710 4.773920
v -0.464050 -2.459780 5.316760
v -0.279090 -2.630790 5.316760
v -0.464050 -2.459780 5.316760
v -0.503280 -2.530710 4.773920
v -0.503280 -2.530710 4.773920
v -0.290570 -2.701370 4.773920
v -0.279090 -2.630790 5.316760
v 0.000000 -2.693380 5.316760
v -0.279090 -2.630790 5.316760
v -0.290570 -2.701370 4.773920
v -0.290570 -2.701370 4.773920
v 0.000000 -2.763840 4.773920
v 0.000000 -2.693380 5.316760
v -0.471100 -1.446720 6.576600
v -0.414890 -1.484660 6.025330
v -0.394430 -1.465910 6.633170
v -0.414890 -1.886570 6.025330
v -0.356890 -2.076900 6.142570
v -0.358620 -1.920340 6.231010
v -0.471100 -1.446720 6.576600
v -0.533080 -1.350400 6.025320
v -0.414890 -1.484660 6.025330
v -0.414890 -1.886570 6.025330
v -0.414890 -1.484660 6.025330
v -0.492350 -1.515510 5.316760
v -0.492350 -1.515510 5.316760
v -0.486440 -2.135930 5.316760
v -0.414890 -1.886570 6.025330
v -0.486440 -2.135930 5.316760
v -0.492350 -1.515510 5.316760
v -0.548840 -1.505320 4.773920
v -0.548840 -1.505320 4.773920
v -0.581780 -2.297570 4.773920
v -0.486440 -2.135930 5.316760
v -0.539380 -2.226180 5.316760
v -0.414890 -1.886570 6.025330
v -0.486440 -2.135930 5.316760
v -0.414890 -1.886570 6.025330
v -0.304830 -1.860640 6.025330
v -0.304820 -1.484660 6.025330
v -0.304820 -1.484660 6.025330
v -0.414890 -1.484660 6.025330
v -0.414890 -1.886570 6.025330
v -0.155190 -1.812960 6.131600
v -0.304830 -1.860640 6.025330
v -0.414890 -1.886570 6.025330
v -0.414890 -1.886570 6.025330
v -0.277800 -1.812250 6.309280
v -0.155190 -1.812960 6.131600
v -0.304820 -1.484660 6.025330
v -0.304830 -1.860640 6.025330
v -0.155190 -1.812960 6.131600
v -0.155190 -1.812960 6.131600
v -0.155190 -1.479670 6.131600
v -0.304820 -1.484660 6.025330
v -0.155190 -1.479670 6.131600
v -0.155190 -1.812960 6.131600
v 0.000000 -1.784100 6.453400
v 0.000000 -1.784100 6.453400
v 0.000000 -1.473080 6.452100
v -0.155190 -1.479670 6.131600
v -0.155190 -1.812960 6.131600
v -0.277800 -1.812250 6.309280
v -0.139380 -1.798220 6.346890
v 0.000000 -0.766900 4.773920
v 0.000000 -0.687040 3.570800
v -0.482810 -0.687040 3.570880
v -0.482810 -0.687040 3.570880
v -0.482760 -0.766890 4.773920
v 0.000000 -0.766900 4.773920
v -0.582420 -0.807230 4.773920
v -0.582420 -0.727090 3.570900
v -0.582400 -1.462230 3.570990
v -0.582400 -1.462230 3.570990
v -0.582420 -1.381850 4.773920
v -0.582420 -0.807230 4.773920
v -0.582400 -1.462230 3.570990
v -0.581780 -2.352190 3.571000
v -0.581780 -2.297570 4.773920
v -0.581780 -2.297570 4.773920
v -0.548840 -1.505320 4.773920
v -0.582400 -1.462230 3.570990
v -0.503280 -2.585330 3.571000
v -0.581780 -2.352190 3.571000
v -0.581780 -2.379380 2.368070
v -0.581780 -2.379380 2.368070
v -0.503280 -2.612510 2.368070
v -0.503280 -2.585330 3.571000
v -0.290570 -2.755990 3.571000
v -0.503280 -2.585330 3.571000
v -0.503280 -2.612510 2.368070
v -0.503280 -2.612510 2.368070
v -0.290570 -2.783170 2.368070
v -0.290570 -2.755990 3.571000
v 0.000000 -2.845640 2.368070
v 0.000000 -2.818460 3.571000
v -0.290570 -2.755990 3.571000
v -0.290570 -2.755990 3.571000
v -0.290570 -2.783170 2.368070
v 0.000000 -2.845640 2.368070
v -0.582400 -1.462230 3.570990
v -0.548840 -1.505320 4.773920
v -0.582420 -1.381850 4.773920
v 0.000000 -2.369930 4.953800
v 0.000000 -1.784100 6.453400
v -0.139380 -1.798220 6.346890
v -0.139380 -1.798220 6.346890
v -0.277800 -1.812250 6.309280
v 0.000000 -2.369930 4.953800
v 0.000000 -2.402240 6.028190
v 0.000000 -2.369930 4.953800
v -0.194080 -2.367280 6.040580
v -0.194080 -2.367280 6.040580
v 0.000000 -2.369930 4.953800
v -0.309070 -2.236760 6.078260
v -0.309070 -2.236760 6.078260
v 0.000000 -2.369930 4.953800
v -0.356890 -2.076900 6.142570
v -0.356890 -2.076900 6.142570
v 0.000000 -2.369930 4.953800
v -0.358620 -1.920340 6.231010
v -0.358620 -1.920340 6.231010
v 0.000000 -2.369930 4.953800
v -0.277800 -1.812250 6.309280
v -0.582420 -0.503210 -0.619320
v -0.582420 -0.525190 0.168600
v -0.419450 -0.432330 0.168600
v -0.419450 -0.432330 0.168600
v -0.400220 -0.345450 -0.619320
v -0.582420 -0.503210 -0.619320
v -0.582420 -0.525190 0.168600
v -0.582420 -0.558580 0.956510
v -0.445790 -0.518390 0.956510
v -0.445790 -0.518390 0.956510
v -0.419450 -0.432330 0.168600
v -0.582420 -0.525190 0.168600
v -0.582420 -0.558580 0.956510
v -0.582420 -0.624730 1.740640
v -0.463160 -0.584620 1.740760
v -0.463160 -0.584620 1.740760
v -0.445790 -0.518390 0.956510
v -0.582420 -0.558580 0.956510
v -0.582420 -0.666870 2.367890
v -0.582420 -0.727090 3.570900
v -0.482810 -0.687040 3.570880
v -0.482810 -0.687040 3.570880
v -0.482810 -0.626790 2.367840
v -0.582420 -0.666870 2.367890
v -0.556710 -0.885090 5.316760
v -0.533080 -1.111810 6.025320
v -0.433400 -1.068400 6.025320
v -0.433400 -1.068400 6.025320
v -0.453710 -0.843840 5.316760
v -0.556710 -0.885090 5.316760
v -0.533080 -1.111810 6.025320
v -0.471100 -1.386640 6.602820
v -0.394430 -1.412330 6.655070
v -0.394430 -1.412330 6.655070
v -0.433400 -1.068400 6.025320
v -0.533080 -1.111810 6.025320
v -0.482810 -0.626790 2.367840
v -0.463160 -0.584620 1.740760
v -0.582420 -0.624730 1.740640
v -0.582420 -0.624730 1.740640
v -0.582420 -0.666870 2.367890
v -0.482810 -0.626790 2.367840
v -0.582420 -0.807230 4.773920
v -0.556710 -0.885090 5.316760
v -0.453710 -0.843840 5.316760
v -0.453710 -0.843840 5.316760
v -0.482760 -0.766890 4.773920
v -0.582420 -0.807230 4.773920
v -0.582420 -0.727090 3.570900
v -0.582420 -0.807230 4.773920
v -0.482760 -0.766890 4.773920
v -0.482760 -0.766890 4.773920
v -0.482810 -0.687040 3.570880
v -0.582420 -0.727090 3.570900
v -0.304820 -1.484660 6.025330
v -0.155190 -1.479670 6.131600
v 0.000000 -1.473080 6.452100
v 0.000000 -1.473080 6.452100
v 0.000000 -1.466010 6.649590
v -0.394430 -1.465910 6.633170
v -0.304820 -1.484660 6.025330
v 0.000000 -1.473080 6.452100
v -0.394430 -1.465910 6.633170
v -0.304820 -1.484660 6.025330
v -0.394430 -1.465910 6.633170
v -0.414890 -1.484660 6.025330
v 0.000000 -1.417680 6.663050
v -0.394430 -1.412330 6.655070
v -0.394430 -1.465910 6.633170
v -0.394430 -1.465910 6.633170
v 0.000000 -1.466010 6.649590
v 0.000000 -1.417680 6.663050
v -0.471100 -1.446720 6.576600
v -0.394430 -1.465910 6.633170
v -0.394430 -1.412330 6.655070
v -0.394430 -1.412330 6.655070
v -0.471100 -1.386640 6.602820
v -0.471100 -1.446720 6.576600
v -0.155190 -1.812960 6.131600
v -0.139380 -1.798220 6.346890
v 0.000000 -1.784100 6.453400
v 0.290570 -1.693870 -0.097470
v 0.000000 -1.721960 -0.276480
v 0.000000 -1.757440 -0.619320
v 0.290570 -1.693870 -0.097470
v 0.000000 -1.757440 -0.619320
v 0.400220 -1.685910 -0.619320
v 0.290570 -1.693870 -0.097470
v 0.400220 -1.685910 -0.619320
v 0.414670 -1.654350 0.015670
v 0.290570 -1.693870 -0.097470
v 0.330020 -2.071570 -0.097470
v 0.000000 -1.936770 -0.276480
v 0.000000 -1.936770 -0.276480
v 0.000000 -1.721960 -0.276480
v 0.290570 -1.693870 -0.097470
v 0.555070 -1.540290 0.953390
v 0.554650 -2.329580 0.953370
v 0.503290 -2.206720 0.361250
v 0.503290 -2.206720 0.361250
v 0.503280 -1.629780 0.361250
v 0.555070 -1.540290 0.953390
v 0.503280 -1.629780 0.361250
v 0.582420 -1.408220 0.956510
v 0.555070 -1.540290 0.953390
v 0.414670 -1.654350 0.015670
v 0.503280 -1.629780 0.361250
v 0.290570 -1.693870 -0.097470
v 0.290570 -1.693870 -0.097470
v 0.503280 -1.629780 0.361250
v 0.503290 -2.206720 0.361250
v 0.503290 -2.206720 0.361250
v 0.330020 -2.071570 -0.097470
v 0.290570 -1.693870 -0.097470
v 0.503280 -2.643300 0.361250
v 0.581140 -2.410170 0.361250
v 0.581560 -2.410170 0.952200
v 0.581560 -2.410170 0.952200
v 0.503280 -2.643300 0.952200
v 0.503280 -2.643300 0.361250
v 0.290570 -2.813970 0.361250
v 0.503280 -2.643300 0.361250
v 0.503280 -2.643300 0.952200
v 0.503280 -2.643300 0.952200
v 0.290570 -2.813970 0.952200
v 0.290570 -2.813970 0.361250
v 0.000000 -2.876430 0.361250
v 0.290570 -2.813970 0.361250
v 0.290570 -2.813970 0.952200
v 0.290570 -2.813970 0.952200
v 0.000000 -2.876430 0.952200
v 0.000000 -2.876430 0.361250
v 0.000000 -2.025400 -0.380340
v 0.330020 -2.071570 -0.097470
v 0.290350 -2.027430 -0.584010
v 0.290350 -2.027430 -0.584010
v 0.000000 -2.021360 -0.587340
v 0.000000 -2.025400 -0.380340
v 0.330020 -2.071570 -0.097470
v 0.463450 -2.096450 -0.544930
v 0.290350 -2.027430 -0.584010
v 0.503280 -2.206720 -0.097470
v 0.581140 -2.410170 -0.097470
v 0.581220 -2.452860 -0.342860
v 0.581220 -2.452860 -0.342860
v 0.556220 -2.206720 -0.482430
v 0.503280 -2.206720 -0.097470
v 0.581140 -2.410170 -0.097470
v 0.503280 -2.643300 -0.097470
v 0.502140 -2.665210 -0.222410
v 0.502140 -2.665210 -0.222410
v 0.581220 -2.452860 -0.342860
v 0.581140 -2.410170 -0.097470
v 0.503280 -2.643300 -0.097470
v 0.290570 -2.813970 -0.097470
v 0.290530 -2.820410 -0.134310
v 0.290530 -2.820410 -0.134310
v 0.502140 -2.665210 -0.222410
v 0.503280 -2.643300 -0.097470
v 0.290570 -2.813970 -0.097470
v 0.000000 -2.885020 -0.097560
v 0.290530 -2.820410 -0.134310
v 0.581140 -2.410170 -0.097470
v 0.503280 -2.206720 -0.097470
v 0.503290 -2.206720 0.361250
v 0.503290 -2.206720 0.361250
v 0.581140 -2.410170 0.361250
v 0.581140 -2.410170 -0.097470
v 0.503280 -2.643300 -0.097470
v 0.581140 -2.410170 -0.097470
v 0.581140 -2.410170 0.361250
v 0.581140 -2.410170 0.361250
v 0.503280 -2.643300 0.361250
v 0.503280 -2.643300 -0.097470
v 0.290570 -2.813970 -0.097470
v 0.503280 -2.643300 -0.097470
v 0.503280 -2.643300 0.361250
v 0.503280 -2.643300 0.361250
v 0.290570 -2.813970 0.361250
v 0.290570 -2.813970 -0.097470
v 0.000000 -2.885020 -0.097560
v 0.290570 -2.813970 -0.097470
v 0.290570 -2.813970 0.361250
v 0.290570 -2.813970 0.361250
v 0.000000 -2.876430 0.361250
v 0.000000 -2.885020 -0.097560
v 0.503290 -2.206720 0.361250
v 0.503280 -2.206720 -0.097470
v 0.330020 -2.071570 -0.097470
v 0.503290 -2.206720 0.361250
v 0.554650 -2.329580 0.953370
v 0.581560 -2.410170 0.952200
v 0.581560 -2.410170 0.952200
v 0.581140 -2.410170 0.361250
v 0.503290 -2.206720 0.361250
v 0.503280 -2.206720 -0.097470
v 0.556220 -2.206720 -0.482430
v 0.463450 -2.096450 -0.544930
v 0.463450 -2.096450 -0.544930
v 0.330020 -2.071570 -0.097470
v 0.503280 -2.206720 -0.097470
v 0.582420 -1.408220 0.956510
v 0.582420 -1.408220 1.740110
v 0.555070 -1.540290 0.953390
v 0.581780 -2.410170 1.740110
v 0.581560 -2.410170 0.952200
v 0.554650 -2.329580 0.953370
v 0.555070 -1.540290 0.953390
v 0.582420 -1.408220 1.740110
v 0.581780 -2.410170 1.740110
v 0.581780 -2.410170 1.740110
v 0.554650 -2.329580 0.953370
v 0.555070 -1.540290 0.953390
v 0.581780 -2.410170 1.740110
v 0.503280 -2.643300 1.740110
v 0.503280 -2.643300 0.952200
v 0.503280 -2.643300 0.952200
v 0.581560 -2.410170 0.952200
v 0.581780 -2.410170 1.740110
v 0.290570 -2.813970 1.740110
v 0.290570 -2.813970 0.952200
v 0.503280 -2.643300 0.952200
v 0.503280 -2.643300 0.952200
v 0.503280 -2.643300 1.740110
v 0.290570 -2.813970 1.740110
v 0.000000 -2.876430 1.740110
v 0.000000 -2.876430 0.952200
v 0.290570 -2.813970 0.952200
v 0.290570 -2.813970 0.952200
v 0.290570 -2.813970 1.740110
v 0.000000 -2.876430 1.740110
v 0.000000 -2.025400 -0.380340
v 0.000000 -1.936770 -0.276480
v 0.330020 -2.071570 -0.097470
v 0.000000 -2.021360 -0.587340
v 0.290350 -2.027430 -0.584010
v 0.000000 -2.619650 0.868830
v 0.290350 -2.027430 -0.584010
v 0.463450 -2.096450 -0.544930
v 0.000000 -2.619650 0.868830
v 0.463450 -2.096450 -0.544930
v 0.556220 -2.206720 -0.482430
v 0.000000 -2.619650 0.868830
v 0.556220 -2.206720 -0.482430
v 0.581220 -2.452860 -0.342860
v 0.000000 -2.619650 0.868830
v 0.581220 -2.452860 -0.342860
v 0.502140 -2.665210 -0.222410
v 0.000000 -2.619650 0.868830
v 0.502140 -2.665210 -0.222410
v 0.290530 -2.820410 -0.134310
v 0.000000 -2.619650 0.868830
v 0.290530 -2.820410 -0.134310
v 0.000000 -2.885020 -0.097560
v 0.000000 -2.619650 0.868830
v 0.582420 -1.408220 0.168600
v 0.503280 -1.629780 0.361250
v 0.414670 -1.654350 0.015670
v 0.400220 -1.685910 -0.619320
v 0.582420 -1.438600 -0.619320
v 0.582420 -1.408220 0.168600
v 0.582420 -1.408220 0.168600
v 0.414670 -1.654350 0.015670
v 0.400220 -1.685910 -0.619320
v 0.582420 -1.408220 0.168600
v 0.582420 -1.408220 0.956510
v 0.503280 -1.629780 0.361250
v -0.290570 -1.693870 -0.097470
v -0.414670 -1.654350 0.015670
v -0.400220 -1.685910 -0.619320
v -0.290570 -1.693870 -0.097470
v -0.400220 -1.685910 -0.619320
v 0.000000 -1.757440 -0.619320
v -0.290570 -1.693870 -0.097470
v 0.000000 -1.757440 -0.619320
v 0.000000 -1.721960 -0.276480
v -0.290570 -1.693870 -0.097470
v 0.000000 -1.721960 -0.276480
v 0.000000 -1.936770 -0.276480
v 0.000000 -1.936770 -0.276480
v -0.330020 -2.071560 -0.097470
v -0.290570 -1.693870 -0.097470
v -0.555070 -1.540290 0.953390
v -0.503280 -1.629780 0.361250
v -0.503290 -2.206720 0.361250
v -0.503290 -2.206720 0.361250
v -0.554650 -2.329580 0.953370
v -0.555070 -1.540290 0.953390
v -0.503280 -1.629780 0.361250
v -0.555070 -1.540290 0.953390
v -0.582420 -1.408220 0.956510
v -0.414670 -1.654350 0.015670
v -0.290570 -1.693870 -0.097470
v -0.503280 -1.629780 0.361250
v -0.290570 -1.693870 -0.097470
v -0.330020 -2.071560 -0.097470
v -0.503290 -2.206720 0.361250
v -0.503290 -2.206720 0.361250
v -0.503280 -1.629780 0.361250
v -0.290570 -1.693870 -0.097470
v -0.503280 -2.643300 0.361250
v -0.503280 -2.643300 0.952200
v -0.581560 -2.410170 0.952200
v -0.581560 -2.410170 0.952200
v -0.581140 -2.410170 0.361250
v -0.503280 -2.643300 0.361250
v -0.290570 -2.813970 0.361250
v -0.290570 -2.813970 0.952200
v -0.503280 -2.643300 0.952200
v -0.503280 -2.643300 0.952200
v -0.503280 -2.643300 0.361250
v -0.290570 -2.813970 0.361250
v 0.000000 -2.876430 0.361250
v 0.000000 -2.876430 0.952200
v -0.290570 -2.813970 0.952200
v -0.290570 -2.813970 0.952200
v -0.290570 -2.813970 0.361250
v 0.000000 -2.876430 0.361250
v 0.000000 -2.025400 -0.380340
v 0.000000 -2.021360 -0.587340
v -0.290350 -2.027430 -0.584010
v -0.290350 -2.027430 -0.584010
v -0.330020 -2.071560 -0.097470
v 0.000000 -2.025400 -0.380340
v -0.330020 -2.071560 -0.097470
v -0.290350 -2.027430 -0.584010
v -0.463450 -2.096450 -0.544930
v -0.503280 -2.206720 -0.097470
v -0.556220 -2.206720 -0.482430
v -0.581220 -2.452860 -0.342860
v -0.581220 -2.452860 -0.342860
v -0.581140 -2.410170 -0.097470
v -0.503280 -2.206720 -0.097470
v -0.581140 -2.410170 -0.097470
v -0.581220 -2.452860 -0.342860
v -0.502140 -2.665210 -0.222410
v -0.502140 -2.665210 -0.222410
v -0.503280 -2.643300 -0.097470
v -0.581140 -2.410170 -0.097470
v -0.503280 -2.643300 -0.097470
v -0.502140 -2.665210 -0.222410
v -0.290530 -2.820410 -0.134310
v -0.290530 -2.820410 -0.134310
v -0.290570 -2.813970 -0.097470
v -0.503280 -2.643300 -0.097470
v -0.290570 -2.813970 -0.097470
v -0.290530 -2.820410 -0.134310
v 0.000000 -2.885020 -0.097560
v -0.581140 -2.410170 -0.097470
v -0.581140 -2.410170 0.361250
v -0.503290 -2.206720 0.361250
v -0.503290 -2.206720 0.361250
v -0.503280 -2.206720 -0.097470
v -0.581140 -2.410170 -0.097470
v -0.503280 -2.643300 -0.097470
v -0.503280 -2.643300 0.361250
v -0.581140 -2.410170 0.361250
v -0.581140 -2.410170 0.361250
v -0.581140 -2.410170 -0.097470
v -0.503280 -2.643300 -0.097470
v -0.290570 -2.813970 -0.097470
v -0.290570 -2.813970 0.361250
v -0.503280 -2.643300 0.361250
v -0.503280 -2.643300 0.361250
v -0.503280 -2.643300 -0.097470
v -0.290570 -2.813970 -0.097470
v 0.000000 -2.885020 -0.097560
v 0.000000 -2.876430 0.361250
v -0.290570 -2.813970 0.361250
v -0.290570 -2.813970 0.361250
v -0.290570 -2.813970 -0.097470
v 0.000000 -2.885020 -0.097560
v -0.503290 -2.206720 0.361250
v -0.330020 -2.071560 -0.097470
v -0.503280 -2.206720 -0.097470
v -0.503290 -2.206720 0.361250
v -0.581140 -2.410170 0.361250
v -0.581560 -2.410170 0.952200
v -0.581560 -2.410170 0.952200
v -0.554650 -2.329580 0.953370
v -0.503290 -2.206720 0.361250
v -0.503280 -2.206720 -0.097470
v -0.330020 -2.071560 -0.097470
v -0.463450 -2.096450 -0.544930
v -0.463450 -2.096450 -0.544930
v -0.556220 -2.206720 -0.482430
v -0.503280 -2.206720 -0.097470
v -0.582420 -1.408220 0.956510
v -0.555070 -1.540290 0.953390
v -0.582420 -1.408220 1.740110
v -0.581780 -2.410170 1.740110
v -0.554650 -2.329580 0.953370
v -0.581560 -2.410170 0.952200
v -0.555070 -1.540290 0.953390
v -0.554650 -2.329580 0.953370
v -0.581780 -2.410170 1.740110
v -0.581780 -2.410170 1.740110
v -0.582420 -1.408220 1.740110
v -0.555070 -1.540290 0.953390
v -0.581780 -2.410170 1.740110
v -0.581560 -2.410170 0.952200
v -0.503280 -2.643300 0.952200
v -0.503280 -2.643300 0.952200
v -0.503280 -2.643300 1.740110
v -0.581780 -2.410170 1.740110
v -0.290570 -2.813970 1.740110
v -0.503280 -2.643300 1.740110
v -0.503280 -2.643300 0.952200
v -0.503280 -2.643300 0.952200
v -0.290570 -2.813970 0.952200
v -0.290570 -2.813970 1.740110
v 0.000000 -2.876430 1.740110
v -0.290570 -2.813970 1.740110
v -0.290570 -2.813970 0.952200
v -0.290570 -2.813970 0.952200
v 0.000000 -2.876430 0.952200
v 0.000000 -2.876430 1.740110
v 0.000000 -2.025400 -0.380340
v -0.330020 -2.071560 -0.097470
v 0.000000 -1.936770 -0.276480
v 0.000000 -2.021360 -0.587340
v 0.000000 -2.619650 0.868830
v -0.290350 -2.027430 -0.584010
v -0.290350 -2.027430 -0.584010
v 0.000000 -2.619650 0.868830
v -0.463450 -2.096450 -0.544930
v -0.463450 -2.096450 -0.544930
v 0.000000 -2.619650 0.868830
v -0.556220 -2.206720 -0.482430
v -0.556220 -2.206720 -0.482430
v 0.000000 -2.619650 0.868830
v -0.581220 -2.452860 -0.342860
v -0.581220 -2.452860 -0.342860
v 0.000000 -2.619650 0.868830
v -0.502140 -2.665210 -0.222410
v -0.502140 -2.665210 -0.222410
v 0.000000 -2.619650 0.868830
v -0.290530 -2.820410 -0.134310
v -0.290530 -2.820410 -0.134310
v 0.000000 -2.619650 0.868830
v 0.000000 -2.885020 -0.097560
v -0.582420 -1.408220 0.168600
v -0.414670 -1.654350 0.015670
v -0.503280 -1.629780 0.361250
v -0.400220 -1.685910 -0.619320
v -0.414670 -1.654350 0.015670
v -0.582420 -1.408220 0.168600
v -0.582420 -1.408220 0.168600
v -0.582420 -1.438600 -0.619320
v -0.400220 -1.685910 -0.619320
v -0.582420 -1.408220 0.168600
v -0.503280 -1.629780 0.361250
v -0.582420 -1.408220 0.956510
v 0.581780 -2.410170 1.740110
v 0.582420 -1.408220 1.740110
v 0.582420 -1.462230 2.368070
v 0.582420 -1.462230 2.368070
v 0.581780 -2.379380 2.368070
v 0.581780 -2.410170 1.740110
v 0.581780 -2.410170 1.740110
v 0.581780 -2.379380 2.368070
v 0.503280 -2.612510 2.368070
v 0.503280 -2.612510 2.368070
v 0.503280 -2.643300 1.740110
v 0.581780 -2.410170 1.740110
v 0.503280 -2.643300 1.740110
v 0.503280 -2.612510 2.368070
v 0.290570 -2.783170 2.368070
v 0.290570 -2.783170 2.368070
v 0.290570 -2.813970 1.740110
v 0.503280 -2.643300 1.740110
v 0.290570 -2.813970 1.740110
v 0.290570 -2.783170 2.368070
v 0.000000 -2.845640 2.368070
v 0.000000 -2.845640 2.368070
v 0.000000 -2.876430 1.740110
v 0.290570 -2.813970 1.740110
v -0.290570 -2.813970 1.740110
v 0.000000 -2.876430 1.740110
v 0.000000 -2.845640 2.368070
v 0.000000 -2.845640 2.368070
v -0.290570 -2.783170 2.368070
v -0.290570 -2.813970 1.740110
v -0.503280 -2.643300 1.740110
v -0.290570 -2.813970 1.740110
v -0.290570 -2.783170 2.368070
v -0.290570 -2.783170 2.368070
v -0.503280 -2.612510 2.368070
v -0.503280 -2.643300 1.740110
v -0.581780 -2.410170 1.740110
v -0.503280 -2.643300 1.740110
v -0.503280 -2.612510 2.368070
v -0.503280 -2.612510 2.368070
v -0.581780 -2.379380 2.368070
v -0.581780 -2.410170 1.740110
v -0.581780 -2.410170 1.740110
v -0.581780 -2.379380 2.368070
v -0.582420 -1.462230 2.368070
v -0.582420 -1.462230 2.368070
v -0.582420 -1.408220 1.740110
v -0.581780 -2.410170 1.740110
v -0.399420 0.321340 -5.404570
v -0.582420 0.071190 -5.404570
v -0.582420 0.157710 -4.491520
v -0.285210 0.047880 -3.328550
v -0.400150 -0.002530 -3.770980
v -0.582420 0.169660 -3.770980
v -0.582420 0.169660 -3.770980
v -0.399580 0.267320 -2.983060
v -0.285210 0.047880 -3.328550
v 0.285220 0.047880 -3.328550
v 0.399580 0.267320 -2.983060
v 0.582420 0.169660 -3.770980
v 0.582420 0.169660 -3.770980
v 0.400150 -0.002530 -3.770980
v 0.285220 0.047880 -3.328550
v 0.285090 0.108420 -5.132530
v 0.400190 -0.014610 -4.491520
v 0.582420 0.157710 -4.491520
v 0.582420 0.157710 -4.491520
v 0.399420 0.321340 -5.404570
v 0.285090 0.108420 -5.132530
v -0.285100 0.108420 -5.132530
v -0.400190 -0.014610 -4.491520
v 0.000000 -0.095600 -4.491520
v 0.000000 -0.095600 -4.491520
v 0.000000 0.105320 -5.161900
v -0.285100 0.108420 -5.132530
v 0.000000 -0.083530 -3.770980
v -0.400150 -0.002530 -3.770980
v -0.285210 0.047880 -3.328550
v -0.285210 0.047880 -3.328550
v 0.000000 0.040160 -3.273410
v 0.000000 -0.083530 -3.770980
v 0.000000 -0.095600 -4.491520
v 0.400190 -0.014610 -4.491520
v 0.285090 0.108420 -5.132530
v 0.285090 0.108420 -5.132530
v 0.000000 0.105320 -5.161900
v 0.000000 -0.095600 -4.491520
v 0.285220 0.047880 -3.328550
v 0.400150 -0.002530 -3.770980
v 0.000000 -0.083530 -3.770980
v 0.000000 -0.083530 -3.770980
v 0.000000 0.040160 -3.273410
v 0.285220 0.047880 -3.328550
v 0.090760 0.201940 -3.743920
v -0.090760 0.201940 -3.743920
v -0.090760 0.054140 -3.891720
v -0.090760 0.054140 -3.891720
v 0.090760 0.054140 -3.891720
v 0.090760 0.201940 -3.743920
v 0.090760 0.054140 -3.891720
v -0.090760 0.054140 -3.891720
v -0.090760 0.407690 -4.245280
v -0.090760 0.407690 -4.245280
v 0.090760 0.407690 -4.245280
v 0.090760 0.054140 -3.891720
v 0.090760 0.201940 -3.743920
v 0.090760 0.054140 -3.891720
v 0.090760 0.407690 -4.245280
v 0.090760 0.407690 -4.245280
v 0.090760 0.555500 -4.097470
v 0.090760 0.201940 -3.743920
v -0.090760 0.201940 -3.743920
v 0.090760 0.201940 -3.743920
v 0.090760 0.555500 -4.097470
v 0.090760 0.555500 -4.097470
v -0.090760 0.555500 -4.097470
v -0.090760 0.201940 -3.743920
v -0.090760 0.054140 -3.891720
v -0.090760 0.201940 -3.743920
v -0.090760 0.555500 -4.097470
v -0.090760 0.555500 -4.097470
v -0.090760 0.407690 -4.245280
v -0.090760 0.054140 -3.891720
v 0.150000 0.316270 -4.204940
v -0.150000 0.316270 -4.204940
v -0.150000 0.316270 -3.904940
v -0.150000 0.316270 -3.904940
v 0.150000 0.316270 -3.904940
v 0.150000 0.316270 -4.204940
v 0.150000 0.316270 -3.904940
v -0.150000 0.316270 -3.904940
v -0.150000 -0.094100 -3.904940
v -0.150000 -0.094100 -3.904940
v 0.150000 -0.094100 -3.904940
v 0.150000 0.316270 -3.904940
v 0.150000 0.316270 -4.204940
v 0.150000 0.316270 -3.904940
v 0.150000 -0.094100 -3.904940
v 0.150000 -0.094100 -3.904940
v 0.150000 -0.094100 -4.204940
v 0.150000 0.316270 -4.204940
v -0.150000 0.316270 -4.204940
v 0.150000 0.316270 -4.204940
v 0.150000 -0.094100 -4.204940
v 0.150000 -0.094100 -4.204940
v -0.150000 -0.094100 -4.204940
v -0.150000 0.316270 -4.204940
v -0.150000 0.316270 -3.904940
v -0.150000 0.316270 -4.204940
v -0.150000 -0.094100 -4.204940
v -0.150000 -0.094100 -4.204940
v -0.150000 -0.094100 -3.904940
v -0.150000 0.316270 -3.904940
v 0.050000 1.025690 -4.805220
v -0.050000 1.025690 -4.805220
v -0.050000 0.328350 -4.744220
v -0.050000 0.328350 -4.744220
v 0.050000 0.328350 -4.744220
v 0.050000 1.025690 -4.805220
v 0.050000 1.016980 -4.904840
v 0.050000 1.025690 -4.805220
v 0.050000 0.328350 -4.744220
v 0.050000 0.328350 -4.744220
v 0.050000 0.319640 -4.843830
v 0.050000 1.016980 -4.904840
v -0.050000 1.016980 -4.904840
v 0.050000 1.016980 -4.904840
v 0.050000 0.319640 -4.843830
v 0.050000 0.319640 -4.843830
v -0.050000 0.319640 -4.843830
v -0.050000 1.016980 -4.904840
v -0.050000 1.025690 -4.805220
v -0.050000 1.016980 -4.904840
v -0.050000 0.319640 -4.843830
v -0.050000 0.319640 -4.843830
v -0.050000 0.328350 -4.744220
v -0.050000 1.025690 -4.805220
v 0.090760 1.296160 -5.107780
v 0.090760 1.124940 -5.227670
v -0.090760 1.124940 -5.227670
v -0.090760 1.124940 -5.227670
v -0.090760 1.296160 -5.107780
v 0.090760 1.296160 -5.107780
v 0.090760 1.009380 -4.698200
v -0.090760 1.009380 -4.698200
v -0.090760 0.838150 -4.818100
v -0.090760 0.838150 -4.818100
v 0.090760 0.838150 -4.818100
v 0.090760 1.009380 -4.698200
v 0.090760 0.838150 -4.818100
v -0.090760 0.838150 -4.818100
v -0.090760 1.124940 -5.227670
v -0.090760 1.124940 -5.227670
v 0.090760 1.124940 -5.227670
v 0.090760 0.838150 -4.818100
v 0.090760 1.009380 -4.698200
v 0.090760 0.838150 -4.818100
v 0.090760 1.124940 -5.227670
v 0.090760 1.124940 -5.227670
v 0.090760 1.296160 -5.107780
v 0.090760 1.009380 -4.698200
v -0.090760 1.009380 -4.698200
v 0.090760 1.009380 -4.698200
v 0.090760 1.296160 -5.107780
v 0.090760 1.296160 -5.107780
v -0.090760 1.296160 -5.107780
v -0.090760 1.009380 -4.698200
v -0.090760 0.838150 -4.818100
v -0.090760 1.009380 -4.698200
v -0.090760 1.296160 -5.107780
v -0.090760 1.296160 -5.107780
v -0.090760 1.124940 -5.227670
v -0.090760 0.838150 -4.818100
v -0.095150 -1.172500 -9.984790
v -0.135620 -1.138540 -6.837850
v 0.051950 -1.122120 -6.837850
v 0.051950 -1.122120 -6.837850
v 0.017990 -1.162600 -9.984790
v -0.095150 -1.172500 -9.984790
v -0.085250 -1.285630 -9.984790
v -0.119220 -1.326110 -6.837850
v -0.135620 -1.138540 -6.837850
v -0.135620 -1.138540 -6.837850
v -0.095150 -1.172500 -9.984790
v -0.085250 -1.285630 -9.984790
v 0.027890 -1.275740 -9.984790
v 0.068360 -1.309700 -6.837850
v -0.119220 -1.326110 -6.837850
v -0.119220 -1.326110 -6.837850
v -0.085250 -1.285630 -9.984790
v 0.027890 -1.275740 -9.984790
v 0.017990 -1.162600 -9.984790
v 0.051950 -1.122120 -6.837850
v 0.068360 -1.309700 -6.837850
v 0.068360 -1.309700 -6.837850
v 0.027890 -1.275740 -9.984790
v 0.017990 -1.162600 -9.984790
v -0.085250 -1.285630 -9.984790
v -0.095150 -1.172500 -9.984790
v 0.017990 -1.162600 -9.984790
v 0.027890 -1.275740 -9.984790
v -0.085250 -1.285630 -9.984790
v 0.017990 -1.162600 -9.984790
v -0.052120 1.437120 3.798400
v -0.064270 1.447320 4.598140
v -0.007920 1.452250 4.598140
v -0.007920 1.452250 4.598140
v -0.018120 1.440090 3.798400
v -0.052120 1.437120 3.798400
v -0.049140 1.403130 3.798400
v -0.059340 1.390970 4.598140
v -0.064270 1.447320 4.598140
v -0.064270 1.447320 4.598140
v -0.052120 1.437120 3.798400
v -0.049140 1.403130 3.798400
v -0.015150 1.406100 3.798400
v -0.002990 1.395900 4.598140
v -0.059340 1.390970 4.598140
v -0.059340 1.390970 4.598140
v -0.049140 1.403130 3.798400
v -0.015150 1.406100 3.798400
v -0.018120 1.440090 3.798400
v -0.007920 1.452250 4.598140
v -0.002990 1.395900 4.598140
v -0.002990 1.395900 4.598140
v -0.015150 1.406100 3.798400
v -0.018120 1.440090 3.798400
v -0.049140 1.403130 3.798400
v -0.052120 1.437120 3.798400
v -0.018120 1.440090 3.798400
v -0.015150 1.406100 3.798400
v -0.049140 1.403130 3.798400
v -0.018120 1.440090 3.798400
v -0.063620 1.639290 4.987330
v -0.017680 1.695530 5.043770
v -0.017670 1.695530 4.339520
v -0.017670 1.695530 4.339520
v -0.057160 1.639180 4.393570
v -0.063620 1.639290 4.987330
v -0.063620 1.639290 4.987330
v -0.064370 -0.120040 5.087760
v -0.005080 -0.120040 5.147310
v -0.005080 -0.120040 5.147310
v -0.017680 1.695530 5.043770
v -0.063620 1.639290 4.987330
v 0.027180 1.631920 4.393630
v 0.046420 -0.120040 4.222000
v -0.005890 -0.120040 4.162950
v -0.005890 -0.120040 4.162950
v -0.017670 1.695530 4.339520
v 0.027180 1.631920 4.393630
v 0.027180 1.631920 4.393630
v -0.017670 1.695530 4.339520
v -0.017680 1.695530 5.043770
v -0.017680 1.695530 5.043770
v 0.020590 1.631930 4.987300
v 0.027180 1.631920 4.393630
v -0.064370 -0.120040 5.087760
v -0.063620 1.639290 4.987330
v -0.057160 1.639180 4.393570
v -0.057160 1.639180 4.393570
v -0.061070 -0.120040 4.221630
v -0.064370 -0.120040 5.087760
v 0.027180 1.631920 4.393630
v 0.020590 1.631930 4.987300
v 0.044480 -0.120040 5.087550
v 0.044480 -0.120040 5.087550
v 0.046420 -0.120040 4.222000
v 0.027180 1.631920 4.393630
v -0.057160 1.639180 4.393570
v -0.017670 1.695530 4.339520
v -0.005890 -0.120040 4.162950
v -0.005890 -0.120040 4.162950
v -0.061070 -0.120040 4.221630
v -0.057160 1.639180 4.393570
v -0.064480 -0.393010 5.103350
v -0.003190 -0.393010 5.162880
v -0.005080 -0.120040 5.147310
v -0.005080 -0.120040 5.147310
v -0.064370 -0.120040 5.087760
v -0.064480 -0.393010 5.103350
v 0.020590 1.631930 4.987300
v -0.017680 1.695530 5.043770
v -0.005080 -0.120040 5.147310
v -0.005080 -0.120040 5.147310
v 0.044480 -0.120040 5.087550
v 0.020590 1.631930 4.987300
v 0.049420 -0.393010 3.883730
v -0.004120 -0.393010 3.831800
v -0.005890 -0.120040 4.162950
v -0.005890 -0.120040 4.162950
v 0.046420 -0.120040 4.222000
v 0.049420 -0.393010 3.883730
v -0.064670 -0.836350 5.128650
v -0.064480 -0.393010 5.103350
v -0.061670 -0.393010 3.883420
v -0.061670 -0.393010 3.883420
v -0.062660 -0.836350 2.371530
v -0.064670 -0.836350 5.128650
v 0.049420 -0.393010 3.883730
v 0.048200 -0.393010 5.103170
v 0.054240 -0.836350 5.128540
v 0.054240 -0.836350 5.128540
v 0.054290 -0.836350 2.371740
v 0.049420 -0.393010 3.883730
v -0.062660 -0.836350 2.371530
v -0.061670 -0.393010 3.883420
v -0.004120 -0.393010 3.831800
v -0.004120 -0.393010 3.831800
v -0.001250 -0.836350 2.331380
v -0.062660 -0.836350 2.371530
v 0.054240 -0.836350 5.128540
v 0.048200 -0.393010 5.103170
v -0.003190 -0.393010 5.162880
v -0.003190 -0.393010 5.162880
v -0.000110 -0.836350 5.188160
v 0.054240 -0.836350 5.128540
v -0.064670 -0.836350 5.128650
v -0.000110 -0.836350 5.188160
v -0.003190 -0.393010 5.162880
v -0.003190 -0.393010 5.162880
v -0.064480 -0.393010 5.103350
v -0.064670 -0.836350 5.128650
v 0.054290 -0.836350 2.371740
v -0.001250 -0.836350 2.331380
v -0.004120 -0.393010 3.831800
v -0.004120 -0.393010 3.831800
v 0.049420 -0.393010 3.883730
v 0.054290 -0.836350 2.371740
v -0.064480 -0.393010 5.103350
v -0.064370 -0.120040 5.087760
v -0.061070 -0.120040 4.221630
v -0.061070 -0.120040 4.221630
v -0.061670 -0.393010 3.883420
v -0.064480 -0.393010 5.103350
v 0.046420 -0.120040 4.222000
v 0.044480 -0.120040 5.087550
v 0.048200 -0.393010 5.103170
v 0.048200 -0.393010 5.103170
v 0.049420 -0.393010 3.883730
v 0.046420 -0.120040 4.222000
v -0.061670 -0.393010 3.883420
v -0.061070 -0.120040 4.221630
v -0.005890 -0.120040 4.162950
v -0.005890 -0.120040 4.162950
v -0.004120 -0.393010 3.831800
v -0.061670 -0.393010 3.883420
v 0.048200 -0.393010 5.103170
v 0.044480 -0.120040 5.087550
v -0.005080 -0.120040 5.147310
v -0.005080 -0.120040 5.147310
v -0.003190 -0.393010 5.162880
v 0.048200 -0.393010 5.103170
v 0.000980 -4.128190 6.694100
v -0.011180 -4.138390 5.894360
v 0.045170 -4.143320 5.894360
v 0.045170 -4.143320 5.894360
v 0.034970 -4.131160 6.694100
v 0.000980 -4.128190 6.694100
v 0.003950 -4.094200 6.694100
v -0.006250 -4.082040 5.894360
v -0.011180 -4.138390 5.894360
v -0.011180 -4.138390 5.894360
v 0.000980 -4.128190 6.694100
v 0.003950 -4.094200 6.694100
v 0.037940 -4.097170 6.694100
v 0.050100 -4.086970 5.894360
v -0.006250 -4.082040 5.894360
v -0.006250 -4.082040 5.894360
v 0.003950 -4.094200 6.694100
v 0.037940 -4.097170 6.694100
v 0.034970 -4.131160 6.694100
v 0.045170 -4.143320 5.894360
v 0.050100 -4.086970 5.894360
v 0.050100 -4.086970 5.894360
v 0.037940 -4.097170 6.694100
v 0.034970 -4.131160 6.694100
v 0.003950 -4.094200 6.694100
v 0.000980 -4.128190 6.694100
v 0.034970 -4.131160 6.694100
v 0.037940 -4.097170 6.694100
v 0.003950 -4.094200 6.694100
v 0.034970 -4.131160 6.694100
v 0.057820 -4.136210 5.943120
v 0.011880 -4.192450 5.999560
v 0.011870 -4.192450 5.295310
v 0.011870 -4.192450 5.295310
v 0.051360 -4.136100 5.349370
v 0.057820 -4.136210 5.943120
v 0.057820 -4.136210 5.943120
v 0.058570 -3.385150 5.162390
v -0.000710 -3.385150 5.221930
v -0.000710 -3.385150 5.221930
v 0.011880 -4.192450 5.999560
v 0.057820 -4.136210 5.943120
v -0.032970 -4.128840 5.349420
v -0.052220 -3.385150 4.296620
v 0.000090 -3.385150 4.237580
v 0.000090 -3.385150 4.237580
v 0.011870 -4.192450 5.295310
v -0.032970 -4.128840 5.349420
v -0.032970 -4.128840 5.349420
v 0.011870 -4.192450 5.295310
v 0.011880 -4.192450 5.999560
v 0.011880 -4.192450 5.999560
v -0.026390 -4.128850 5.943090
v -0.032970 -4.128840 5.349420
v 0.058570 -3.385150 5.162390
v 0.057820 -4.136210 5.943120
v 0.051360 -4.136100 5.349370
v 0.051360 -4.136100 5.349370
v 0.055270 -3.385150 4.296250
v 0.058570 -3.385150 5.162390
v -0.032970 -4.128840 5.349420
v -0.026390 -4.128850 5.943090
v -0.050270 -3.385150 5.162170
v -0.050270 -3.385150 5.162170
v -0.052220 -3.385150 4.296620
v -0.032970 -4.128840 5.349420
v 0.051360 -4.136100 5.349370
v 0.011870 -4.192450 5.295310
v 0.000090 -3.385150 4.237580
v 0.000090 -3.385150 4.237580
v 0.055270 -3.385150 4.296250
v 0.051360 -4.136100 5.349370
v 0.058680 -3.112180 5.177970
v -0.002610 -3.112180 5.237500
v -0.000710 -3.385150 5.221930
v -0.000710 -3.385150 5.221930
v 0.058570 -3.385150 5.162390
v 0.058680 -3.112180 5.177970
v -0.026390 -4.128850 5.943090
v 0.011880 -4.192450 5.999560
v -0.000710 -3.385150 5.221930
v -0.000710 -3.385150 5.221930
v -0.050270 -3.385150 5.162170
v -0.026390 -4.128850 5.943090
v -0.055220 -3.112180 3.958350
v -0.001680 -3.112180 3.906420
v 0.000090 -3.385150 4.237580
v 0.000090 -3.385150 4.237580
v -0.052220 -3.385150 4.296620
v -0.055220 -3.112180 3.958350
v 0.058870 -2.668840 5.203280
v 0.058680 -3.112180 5.177970
v 0.055880 -3.112180 3.958040
v 0.055880 -3.112180 3.958040
v 0.056860 -2.668840 2.446150
v 0.058870 -2.668840 5.203280
v -0.055220 -3.112180 3.958350
v -0.053990 -3.112180 5.177790
v -0.060040 -2.668840 5.203160
v -0.060040 -2.668840 5.203160
v -0.060090 -2.668840 2.446360
v -0.055220 -3.112180 3.958350
v 0.056860 -2.668840 2.446150
v 0.055880 -3.112180 3.958040
v -0.001680 -3.112180 3.906420
v -0.001680 -3.112180 3.906420
v -0.004550 -2.668840 2.406000
v 0.056860 -2.668840 2.446150
v -0.060040 -2.668840 5.203160
v -0.053990 -3.112180 5.177790
v -0.002610 -3.112180 5.237500
v -0.002610 -3.112180 5.237500
v -0.005680 -2.668840 5.262790
v -0.060040 -2.668840 5.203160
v 0.058870 -2.668840 5.203280
v -0.005680 -2.668840 5.262790
v -0.002610 -3.112180 5.237500
v -0.002610 -3.112180 5.237500
v 0.058680 -3.112180 5.177970
v 0.058870 -2.668840 5.203280
v -0.060090 -2.668840 2.446360
v -0.004550 -2.668840 2.406000
v -0.001680 -3.112180 3.906420
v -0.001680 -3.112180 3.906420
v -0.055220 -3.112180 3.958350
v -0.060090 -2.668840 2.446360
v 0.058680 -3.112180 5.177970
v 0.058570 -3.385150 5.162390
v 0.055270 -3.385150 4.296250
v 0.055270 -3.385150 4.296250
v 0.055880 -3.112180 3.958040
v 0.058680 -3.112180 5.177970
v -0.052220 -3.385150 4.296620
v -0.050270 -3.385150 5.162170
v -0.053990 -3.112180 5.177790
v -0.053990 -3.112180 5.177790
v -0.055220 -3.112180 3.958350
v -0.052220 -3.385150 4.296620
v 0.055880 -3.112180 3.958040
v 0.055270 -3.385150 4.296250
v 0.000090 -3.385150 4.237580
v 0.000090 -3.385150 4.237580
v -0.001680 -3.112180 3.906420
v 0.055880 -3.112180 3.958040
v -0.053990 -3.112180 5.177790
v -0.050270 -3.385150 5.162170
v -0.000710 -3.385150 5.221930
v -0.000710 -3.385150 5.221930
v -0.002610 -3.112180 5.237500
v -0.053990 -3.112180 5.177790
v -1.927760 -1.833560 6.584650
v -1.937970 -1.821410 5.784910
v -1.942900 -1.877760 5.784910
v -1.942900 -1.877760 5.784910
v -1.930740 -1.867560 6.584650
v -1.927760 -1.833560 6.584650
v -1.893770 -1.836540 6.584650
v -1.881610 -1.826340 5.784910
v -1.937970 -1.821410 5.784910
v -1.937970 -1.821410 5.784910
v -1.927760 -1.833560 6.584650
v -1.893770 -1.836540 6.584650
v -1.896740 -1.870530 6.584650
v -1.886540 -1.882690 5.784910
v -1.881610 -1.826340 5.784910
v -1.881610 -1.826340 5.784910
v -1.893770 -1.836540 6.584650
v -1.896740 -1.870530 6.584650
v -1.930740 -1.867560 6.584650
v -1.942900 -1.877760 5.784910
v -1.886540 -1.882690 5.784910
v -1.886540 -1.882690 5.784910
v -1.896740 -1.870530 6.584650
v -1.930740 -1.867560 6.584650
v -1.893770 -1.836540 6.584650
v -1.927760 -1.833560 6.584650
v -1.930740 -1.867560 6.584650
v -1.896740 -1.870530 6.584650
v -1.893770 -1.836540 6.584650
v -1.930740 -1.867560 6.584650
v -1.935780 -1.890410 5.833670
v -1.992030 -1.844470 5.890110
v -1.992030 -1.844460 5.185860
v -1.992030 -1.844460 5.185860
v -1.935680 -1.883940 5.239910
v -1.935780 -1.890410 5.833670
v -1.935780 -1.890410 5.833670
v -1.184730 -1.891150 5.052940
v -1.184730 -1.831870 5.112480
v -1.184730 -1.831870 5.112480
v -1.992030 -1.844470 5.890110
v -1.935780 -1.890410 5.833670
v -1.928410 -1.799610 5.239970
v -1.184730 -1.780370 4.187170
v -1.184730 -1.832680 4.128130
v -1.184730 -1.832680 4.128130
v -1.992030 -1.844460 5.185860
v -1.928410 -1.799610 5.239970
v -1.928410 -1.799610 5.239970
v -1.992030 -1.844460 5.185860
v -1.992030 -1.844470 5.890110
v -1.992030 -1.844470 5.890110
v -1.928430 -1.806200 5.833640
v -1.928410 -1.799610 5.239970
v -1.184730 -1.891150 5.052940
v -1.935780 -1.890410 5.833670
v -1.935680 -1.883940 5.239910
v -1.935680 -1.883940 5.239910
v -1.184730 -1.887860 4.186800
v -1.184730 -1.891150 5.052940
v -1.928410 -1.799610 5.239970
v -1.928430 -1.806200 5.833640
v -1.184730 -1.782310 5.052720
v -1.184730 -1.782310 5.052720
v -1.184730 -1.780370 4.187170
v -1.928410 -1.799610 5.239970
v -1.935680 -1.883940 5.239910
v -1.992030 -1.844460 5.185860
v -1.184730 -1.832680 4.128130
v -1.184730 -1.832680 4.128130
v -1.184730 -1.887860 4.186800
v -1.935680 -1.883940 5.239910
v -0.911760 -1.891270 5.068520
v -0.911760 -1.829980 5.128050
v -1.184730 -1.831870 5.112480
v -1.184730 -1.831870 5.112480
v -1.184730 -1.891150 5.052940
v -0.911760 -1.891270 5.068520
v -1.928430 -1.806200 5.833640
v -1.992030 -1.844470 5.890110
v -1.184730 -1.831870 5.112480
v -1.184730 -1.831870 5.112480
v -1.184730 -1.782310 5.052720
v -1.928430 -1.806200 5.833640
v -0.911760 -1.777370 3.848900
v -0.911760 -1.830910 3.796970
v -1.184730 -1.832680 4.128130
v -1.184730 -1.832680 4.128130
v -1.184730 -1.780370 4.187170
v -0.911760 -1.777370 3.848900
v -0.468420 -1.891460 5.093820
v -0.911760 -1.891270 5.068520
v -0.911760 -1.888460 3.848590
v -0.911760 -1.888460 3.848590
v -0.468420 -1.889450 2.336700
v -0.468420 -1.891460 5.093820
v -0.911760 -1.777370 3.848900
v -0.911760 -1.778590 5.068340
v -0.468420 -1.772550 5.093710
v -0.468420 -1.772550 5.093710
v -0.468420 -1.772500 2.336910
v -0.911760 -1.777370 3.848900
v -0.468420 -1.889450 2.336700
v -0.911760 -1.888460 3.848590
v -0.911760 -1.830910 3.796970
v -0.911760 -1.830910 3.796970
v -0.468420 -1.828030 2.296550
v -0.468420 -1.889450 2.336700
v -0.468420 -1.772550 5.093710
v -0.911760 -1.778590 5.068340
v -0.911760 -1.829980 5.128050
v -0.911760 -1.829980 5.128050
v -0.468420 -1.826900 5.153340
v -0.468420 -1.772550 5.093710
v -0.468420 -1.891460 5.093820
v -0.468420 -1.826900 5.153340
v -0.911760 -1.829980 5.128050
v -0.911760 -1.829980 5.128050
v -0.911760 -1.891270 5.068520
v -0.468420 -1.891460 5.093820
v -0.468420 -1.772500 2.336910
v -0.468420 -1.828030 2.296550
v -0.911760 -1.830910 3.796970
v -0.911760 -1.830910 3.796970
v -0.911760 -1.777370 3.848900
v -0.468420 -1.772500 2.336910
v -0.911760 -1.891270 5.068520
v -1.184730 -1.891150 5.052940
v -1.184730 -1.887860 4.186800
v -1.184730 -1.887860 4.186800
v -0.911760 -1.888460 3.848590
v -0.911760 -1.891270 5.068520
v -1.184730 -1.780370 4.187170
v -1.184730 -1.782310 5.052720
v -0.911760 -1.778590 5.068340
v -0.911760 -1.778590 5.068340
v -0.911760 -1.777370 3.848900
v -1.184730 -1.780370 4.187170
v -0.911760 -1.888460 3.848590
v -1.184730 -1.887860 4.186800
v -1.184730 -1.832680 4.128130
v -1.184730 -1.832680 4.128130
v -0.911760 -1.830910 3.796970
v -0.911760 -1.888460 3.848590
v -0.911760 -1.778590 5.068340
v -1.184730 -1.782310 5.052720
v -1.184730 -1.831870 5.112480
v -1.184730 -1.831870 5.112480
v -0.911760 -1.829980 5.128050
v -0.911760 -1.778590 5.068340
v 1.927760 -1.833560 6.584650
v 1.930740 -1.867560 6.584650
v 1.942900 -1.877760 5.784910
v 1.942900 -1.877760 5.784910
v 1.937970 -1.821410 5.784910
v 1.927760 -1.833560 6.584650
v 1.893770 -1.836540 6.584650
v 1.927760 -1.833560 6.584650
v 1.937970 -1.821410 5.784910
v 1.937970 -1.821410 5.784910
v 1.881610 -1.826340 5.784910
v 1.893770 -1.836540 6.584650
v 1.896740 -1.870530 6.584650
v 1.893770 -1.836540 6.584650
v 1.881610 -1.826340 5.784910
v 1.881610 -1.826340 5.784910
v 1.886540 -1.882690 5.784910
v 1.896740 -1.870530 6.584650
v 1.930740 -1.867560 6.584650
v 1.896740 -1.870530 6.584650
v 1.886540 -1.882690 5.784910
v 1.886540 -1.882690 5.784910
v 1.942900 -1.877760 5.784910
v 1.930740 -1.867560 6.584650
v 1.893770 -1.836540 6.584650
v 1.930740 -1.867560 6.584650
v 1.927760 -1.833560 6.584650
v 1.896740 -1.870530 6.584650
v 1.930740 -1.867560 6.584650
v 1.893770 -1.836540 6.584650
v 1.935780 -1.890410 5.833670
v 1.935680 -1.883940 5.239910
v 1.992030 -1.844460 5.185860
v 1.992030 -1.844460 5.185860
v 1.992030 -1.844470 5.890110
v 1.935780 -1.890410 5.833670
v 1.935780 -1.890410 5.833670
v 1.992030 -1.844470 5.890110
v 1.184730 -1.831870 5.112480
v 1.184730 -1.831870 5.112480
v 1.184730 -1.891150 5.052940
v 1.935780 -1.890410 5.833670
v 1.928410 -1.799610 5.239970
v 1.992030 -1.844460 5.185860
v 1.184730 -1.832680 4.128130
v 1.184730 -1.832680 4.128130
v 1.184730 -1.780370 4.187170
v 1.928410 -1.799610 5.239970
v 1.928410 -1.799610 5.239970
v 1.928430 -1.806200 5.833640
v 1.992030 -1.844470 5.890110
v 1.992030 -1.844470 5.890110
v 1.992030 -1.844460 5.185860
v 1.928410 -1.799610 5.239970
v 1.184730 -1.891150 5.052940
v 1.184730 -1.887860 4.186800
v 1.935680 -1.883940 5.239910
v 1.935680 -1.883940 5.239910
v 1.935780 -1.890410 5.833670
v 1.184730 -1.891150 5.052940
v 1.928410 -1.799610 5.239970
v 1.184730 -1.780370 4.187170
v 1.184730 -1.782310 5.052720
v 1.184730 -1.782310 5.052720
v 1.928430 -1.806200 5.833640
v 1.928410 -1.799610 5.239970
v 1.935680 -1.883940 5.239910
v 1.184730 -1.887860 4.186800
v 1.184730 -1.832680 4.128130
v 1.184730 -1.832680 4.128130
v 1.992030 -1.844460 5.185860
v 1.935680 -1.883940 5.239910
v 0.911760 -1.891270 5.068520
v 1.184730 -1.891150 5.052940
v 1.184730 -1.831870 5.112480
v 1.184730 -1.831870 5.112480
v 0.911760 -1.829980 5.128050
v 0.911760 -1.891270 5.068520
v 1.928430 -1.806200 5.833640
v 1.184730 -1.782310 5.052720
v 1.184730 -1.831870 5.112480
v 1.184730 -1.831870 5.112480
v 1.992030 -1.844470 5.890110
v 1.928430 -1.806200 5.833640
v 0.911760 -1.777370 3.848900
v 1.184730 -1.780370 4.187170
v 1.184730 -1.832680 4.128130
v 1.184730 -1.832680 4.128130
v 0.911760 -1.830910 3.796970
v 0.911760 -1.777370 3.848900
v 0.468420 -1.891460 5.093820
v 0.468420 -1.889450 2.336700
v 0.911760 -1.888460 3.848590
v 0.911760 -1.888460 3.848590
v 0.911760 -1.891270 5.068520
v 0.468420 -1.891460 5.093820
v 0.911760 -1.777370 3.848900
v 0.468420 -1.772500 2.336910
v 0.468420 -1.772550 5.093710
v 0.468420 -1.772550 5.093710
v 0.911760 -1.778590 5.068340
v 0.911760 -1.777370 3.848900
v 0.468420 -1.889450 2.336700
v 0.468420 -1.828030 2.296550
v 0.911760 -1.830910 3.796970
v 0.911760 -1.830910 3.796970
v 0.911760 -1.888460 3.848590
v 0.468420 -1.889450 2.336700
v 0.468420 -1.772550 5.093710
v 0.468420 -1.826900 5.153340
v 0.911760 -1.829980 5.128050
v 0.911760 -1.829980 5.128050
v 0.911760 -1.778590 5.068340
v 0.468420 -1.772550 5.093710
v 0.468420 -1.891460 5.093820
v 0.911760 -1.891270 5.068520
v 0.911760 -1.829980 5.128050
v 0.911760 -1.829980 5.128050
v 0.468420 -1.826900 5.153340
v 0.468420 -1.891460 5.093820
v 0.468420 -1.772500 2.336910
v 0.911760 -1.777370 3.848900
v 0.911760 -1.830910 3.796970
v 0.911760 -1.830910 3.796970
v 0.468420 -1.828030 2.296550
v 0.468420 -1.772500 2.336910
v 0.911760 -1.891270 5.068520
v 0.911760 -1.888460 3.848590
v 1.184730 -1.887860 4.186800
v 1.184730 -1.887860 4.186800
v 1.184730 -1.891150 5.052940
v 0.911760 -1.891270 5.068520
v 1.184730 -1.780370 4.187170
v 0.911760 -1.777370 3.848900
v 0.911760 -1.778590 5.068340
v 0.911760 -1.778590 5.068340
v 1.184730 -1.782310 5.052720
v 1.184730 -1.780370 4.187170
v 0.911760 -1.888460 3.848590
v 0.911760 -1.830910 3.796970
v 1.184730 -1.832680 4.128130
v 1.184730 -1.832680 4.128130
v 1.184730 -1.887860 4.186800
v 0.911760 -1.888460 3.848590
v 0.911760 -1.778590 5.068340
v 0.911760 -1.829980 5.128050
v 1.184730 -1.831870 5.112480
v 1.184730 -1.831870 5.112480
v 1.184730 -1.782310 5.052720
v 0.911760 -1.778590 5.068340
v -1.513410 -0.779220 -3.779760
v -1.557380 -0.733280 -3.723320
v -1.420170 -0.733270 -4.219570
v -1.420170 -0.733270 -4.219570
v -1.398430 -0.772750 -4.165510
v -1.513410 -0.779220 -3.779760
v -1.513410 -0.779220 -3.779760
v -0.914430 -0.779960 -4.147090
v -0.914430 -0.720680 -4.087540
v -0.914430 -0.720680 -4.087540
v -1.557380 -0.733280 -3.723320
v -1.513410 -0.779220 -3.779760
v -1.393190 -0.688420 -4.165460
v -0.914430 -0.669180 -4.902880
v -0.914430 -0.721490 -4.986030
v -0.914430 -0.721490 -4.986030
v -1.420170 -0.733270 -4.219570
v -1.393190 -0.688420 -4.165460
v -1.393190 -0.688420 -4.165460
v -1.420170 -0.733270 -4.219570
v -1.557380 -0.733280 -3.723320
v -1.557380 -0.733280 -3.723320
v -1.507660 -0.695000 -3.779790
v -1.393190 -0.688420 -4.165460
v -0.914430 -0.779960 -4.147090
v -1.513410 -0.779220 -3.779760
v -1.398430 -0.772750 -4.165510
v -1.398430 -0.772750 -4.165510
v -0.914430 -0.776660 -4.903250
v -0.914430 -0.779960 -4.147090
v -1.393190 -0.688420 -4.165460
v -1.507660 -0.695000 -3.779790
v -0.914430 -0.671120 -4.147300
v -0.914430 -0.671120 -4.147300
v -0.914430 -0.669180 -4.902880
v -1.393190 -0.688420 -4.165460
v -1.398430 -0.772750 -4.165510
v -1.420170 -0.733270 -4.219570
v -0.914430 -0.721490 -4.986030
v -0.914430 -0.721490 -4.986030
v -0.914430 -0.776660 -4.903250
v -1.398430 -0.772750 -4.165510
v -0.536130 -0.780080 -4.226580
v -0.536130 -0.718790 -4.167050
v -0.914430 -0.720680 -4.087540
v -0.914430 -0.720680 -4.087540
v -0.914430 -0.779960 -4.147090
v -0.536130 -0.780080 -4.226580
v -1.507660 -0.695000 -3.779790
v -1.557380 -0.733280 -3.723320
v -0.914430 -0.720680 -4.087540
v -0.914430 -0.720680 -4.087540
v -0.914430 -0.671120 -4.147300
v -1.507660 -0.695000 -3.779790
v -0.536130 -0.666180 -5.480190
v -0.536130 -0.719720 -5.556230
v -0.914430 -0.721490 -4.986030
v -0.914430 -0.721490 -4.986030
v -0.914430 -0.669180 -4.902880
v -0.536130 -0.666180 -5.480190
v -0.312680 -0.780270 -3.984190
v -0.536130 -0.780080 -4.226580
v -0.536130 -0.777270 -5.480500
v -0.536130 -0.777270 -5.480500
v -0.312680 -0.778260 -6.753350
v -0.312680 -0.780270 -3.984190
v -0.536130 -0.666180 -5.480190
v -0.536130 -0.667400 -4.226760
v -0.312680 -0.661360 -3.984310
v -0.312680 -0.661360 -3.984310
v -0.312680 -0.661310 -6.753140
v -0.536130 -0.666180 -5.480190
v -0.312680 -0.778260 -6.753350
v -0.536130 -0.777270 -5.480500
v -0.536130 -0.719720 -5.556230
v -0.536130 -0.719720 -5.556230
v -0.312680 -0.716840 -6.873550
v -0.312680 -0.778260 -6.753350
v -0.312680 -0.661360 -3.984310
v -0.536130 -0.667400 -4.226760
v -0.536130 -0.718790 -4.167050
v -0.536130 -0.718790 -4.167050
v -0.312680 -0.715710 -3.924680
v -0.312680 -0.661360 -3.984310
v -0.312680 -0.780270 -3.984190
v -0.312680 -0.715710 -3.924680
v -0.536130 -0.718790 -4.167050
v -0.536130 -0.718790 -4.167050
v -0.536130 -0.780080 -4.226580
v -0.312680 -0.780270 -3.984190
v -0.312680 -0.661310 -6.753140
v -0.312680 -0.716840 -6.873550
v -0.536130 -0.719720 -5.556230
v -0.536130 -0.719720 -5.556230
v -0.536130 -0.666180 -5.480190
v -0.312680 -0.661310 -6.753140
v -0.536130 -0.780080 -4.226580
v -0.914430 -0.779960 -4.147090
v -0.914430 -0.776660 -4.903250
v -0.914430 -0.776660 -4.903250
v -0.536130 -0.777270 -5.480500
v -0.536130 -0.780080 -4.226580
v -0.914430 -0.669180 -4.902880
v -0.914430 -0.671120 -4.147300
v -0.536130 -0.667400 -4.226760
v -0.536130 -0.667400 -4.226760
v -0.536130 -0.666180 -5.480190
v -0.914430 -0.669180 -4.902880
v -0.536130 -0.777270 -5.480500
v -0.914430 -0.776660 -4.903250
v -0.914430 -0.721490 -4.986030
v -0.914430 -0.721490 -4.986030
v -0.536130 -0.719720 -5.556230
v -0.536130 -0.777270 -5.480500
v -0.536130 -0.667400 -4.226760
v -0.914430 -0.671120 -4.147300
v -0.914430 -0.720680 -4.087540
v -0.914430 -0.720680 -4.087540
v -0.536130 -0.718790 -4.167050
v -0.536130 -0.667400 -4.226760
v 1.513410 -0.779220 -3.779760
v 1.398430 -0.772750 -4.165510
v 1.420170 -0.733270 -4.219570
v 1.420170 -0.733270 -4.219570
v 1.557380 -0.733280 -3.723320
v 1.513410 -0.779220 -3.779760
v 1.513410 -0.779220 -3.779760
v 1.557380 -0.733280 -3.723320
v 0.914430 -0.720680 -4.087540
v 0.914430 -0.720680 -4.087540
v 0.914430 -0.779960 -4.147090
v 1.513410 -0.779220 -3.779760
v 1.393190 -0.688420 -4.165460
v 1.420170 -0.733270 -4.219570
v 0.914430 -0.721490 -4.986030
v 0.914430 -0.721490 -4.986030
v 0.914430 -0.669180 -4.902880
v 1.393190 -0.688420 -4.165460
v 1.393190 -0.688420 -4.165460
v 1.507660 -0.695000 -3.779790
v 1.557380 -0.733280 -3.723320
v 1.557380 -0.733280 -3.723320
v 1.420170 -0.733270 -4.219570
v 1.393190 -0.688420 -4.165460
v 0.914430 -0.779960 -4.147090
v 0.914430 -0.776660 -4.903250
v 1.398430 -0.772750 -4.165510
v 1.398430 -0.772750 -4.165510
v 1.513410 -0.779220 -3.779760
v 0.914430 -0.779960 -4.147090
v 1.393190 -0.688420 -4.165460
v 0.914430 -0.669180 -4.902880
v 0.914430 -0.671120 -4.147300
v 0.914430 -0.671120 -4.147300
v 1.507660 -0.695000 -3.779790
v 1.393190 -0.688420 -4.165460
v 1.398430 -0.772750 -4.165510
v 0.914430 -0.776660 -4.903250
v 0.914430 -0.721490 -4.986030
v 0.914430 -0.721490 -4.986030
v 1.420170 -0.733270 -4.219570
v 1.398430 -0.772750 -4.165510
v 0.536130 -0.780080 -4.226580
v 0.914430 -0.779960 -4.147090
v 0.914430 -0.720680 -4.087540
v 0.914430 -0.720680 -4.087540
v 0.536130 -0.718790 -4.167050
v 0.536130 -0.780080 -4.226580
v 1.507660 -0.695000 -3.779790
v 0.914430 -0.671120 -4.147300
v 0.914430 -0.720680 -4.087540
v 0.914430 -0.720680 -4.087540
v 1.557380 -0.733280 -3.723320
v 1.507660 -0.695000 -3.779790
v 0.536130 -0.666180 -5.480190
v 0.914430 -0.669180 -4.902880
v 0.914430 -0.721490 -4.986030
v 0.914430 -0.721490 -4.986030
v 0.536130 -0.719720 -5.556230
v 0.536130 -0.666180 -5.480190
v 0.312680 -0.780270 -3.984190
v 0.312680 -0.778260 -6.753350
v 0.536130 -0.777270 -5.480500
v 0.536130 -0.777270 -5.480500
v 0.536130 -0.780080 -4.226580
v 0.312680 -0.780270 -3.984190
v 0.536130 -0.666180 -5.480190
v 0.312680 -0.661310 -6.753140
v 0.312680 -0.661360 -3.984310
v 0.312680 -0.661360 -3.984310
v 0.536130 -0.667400 -4.226760
v 0.536130 -0.666180 -5.480190
v 0.312680 -0.778260 -6.753350
v 0.312680 -0.716840 -6.873550
v 0.536130 -0.719720 -5.556230
v 0.536130 -0.719720 -5.556230
v 0.536130 -0.777270 -5.480500
v 0.312680 -0.778260 -6.753350
v 0.312680 -0.661360 -3.984310
v 0.312680 -0.715710 -3.924680
v 0.536130 -0.718790 -4.167050
v 0.536130 -0.718790 -4.167050
v 0.536130 -0.667400 -4.226760
v 0.312680 -0.661360 -3.984310
v 0.312680 -0.780270 -3.984190
v 0.536130 -0.780080 -4.226580
v 0.536130 -0.718790 -4.167050
v 0.536130 -0.718790 -4.167050
v 0.312680 -0.715710 -3.924680
v 0.312680 -0.780270 -3.984190
v 0.312680 -0.661310 -6.753140
v 0.536130 -0.666180 -5.480190
v 0.536130 -0.719720 -5.556230
v 0.536130 -0.719720 -5.556230
v 0.312680 -0.716840 -6.873550
v 0.312680 -0.661310 -6.753140
v 0.536130 -0.780080 -4.226580
v 0.536130 -0.777270 -5.480500
v 0.914430 -0.776660 -4.903250
v 0.914430 -0.776660 -4.903250
v 0.914430 -0.779960 -4.147090
v 0.536130 -0.780080 -4.226580
v 0.914430 -0.669180 -4.902880
v 0.536130 -0.666180 -5.480190
v 0.536130 -0.667400 -4.226760
v 0.536130 -0.667400 -4.226760
v 0.914430 -0.671120 -4.147300
v 0.914430 -0.669180 -4.902880
v 0.536130 -0.777270 -5.480500
v 0.536130 -0.719720 -5.556230
v 0.914430 -0.721490 -4.986030
v 0.914430 -0.721490 -4.986030
v 0.914430 -0.776660 -4.903250
v 0.536130 -0.777270 -5.480500
v 0.536130 -0.667400 -4.226760
v 0.536130 -0.718790 -4.167050
v 0.914430 -0.720680 -4.087540
v 0.914430 -0.720680 -4.087540
v 0.914430 -0.671120 -4.147300
v 0.536130 -0.667400 -4.226760
v 0.000000 0.434780 -4.124560
v 0.000000 0.804210 -3.936320
v -0.231780 0.750960 -3.989570
v 0.000000 0.434780 -4.124560
v -0.231780 0.750960 -3.989570
v -0.375030 0.611540 -4.128990
v 0.000000 0.434780 -4.124560
v -0.375030 0.611540 -4.128990
v -0.375030 0.439210 -4.301320
v 0.000000 0.434780 -4.124560
v -0.375030 0.439210 -4.301320
v -0.231780 0.299790 -4.440740
v 0.000000 0.434780 -4.124560
v -0.231780 0.299790 -4.440740
v 0.000000 0.246540 -4.493990
v 0.000000 0.434780 -4.124560
v 0.000000 0.246540 -4.493990
v 0.231780 0.299790 -4.440740
v 0.000000 0.434780 -4.124560
v 0.231780 0.299790 -4.440740
v 0.375030 0.439210 -4.301320
v 0.000000 0.434780 -4.124560
v 0.375030 0.439210 -4.301320
v 0.375030 0.611540 -4.128990
v 0.000000 0.434780 -4.124560
v 0.375030 0.611540 -4.128990
v 0.231780 0.750960 -3.989570
v 0.000000 0.434780 -4.124560
v 0.231780 0.750960 -3.989570
v 0.000000 0.804210 -3.936320
v -0.458250 1.168650 -3.966440
v -0.231780 0.750960 -3.989570
v 0.000000 0.804210 -3.936320
v 0.000000 0.804210 -3.936320
v 0.000000 1.273930 -3.861160
v -0.458250 1.168650 -3.966440
v -0.741470 0.893010 -4.242080
v -0.375030 0.611540 -4.128990
v -0.231780 0.750960 -3.989570
v -0.231780 0.750960 -3.989570
v -0.458250 1.168650 -3.966440
v -0.741470 0.893010 -4.242080
v -0.741470 0.552300 -4.582790
v -0.375030 0.439210 -4.301320
v -0.375030 0.611540 -4.128990
v -0.375030 0.611540 -4.128990
v -0.741470 0.893010 -4.242080
v -0.741470 0.552300 -4.582790
v -0.458250 0.276670 -4.858430
v -0.231780 0.299790 -4.440740
v -0.375030 0.439210 -4.301320
v -0.375030 0.439210 -4.301320
v -0.741470 0.552300 -4.582790
v -0.458250 0.276670 -4.858430
v 0.000000 0.171380 -4.963710
v 0.000000 0.246540 -4.493990
v -0.231780 0.299790 -4.440740
v -0.231780 0.299790 -4.440740
v -0.458250 0.276670 -4.858430
v 0.000000 0.171380 -4.963710
v 0.458250 0.276670 -4.858430
v 0.231780 0.299790 -4.440740
v 0.000000 0.246540 -4.493990
v 0.000000 0.246540 -4.493990
v 0.000000 0.171380 -4.963710
v 0.458250 0.276670 -4.858430
v 0.741470 0.552300 -4.582790
v 0.375030 0.439210 -4.301320
v 0.231780 0.299790 -4.440740
v 0.231780 0.299790 -4.440740
v 0.458250 0.276670 -4.858430
v 0.741470 0.552300 -4.582790
v 0.741470 0.893010 -4.242080
v 0.375030 0.611540 -4.128990
v 0.375030 0.439210 -4.301320
v 0.375030 0.439210 -4.301320
v 0.741470 0.552300 -4.582790
v 0.741470 0.893010 -4.242080
v 0.458250 1.168650 -3.966440
v 0.231780 0.750960 -3.989570
v 0.375030 0.611540 -4.128990
v 0.375030 0.611540 -4.128990
v 0.741470 0.893010 -4.242080
v 0.458250 1.168650 -3.966440
v 0.000000 1.273930 -3.861160
v 0.000000 0.804210 -3.936320
v 0.231780 0.750960 -3.989570
v 0.231780 0.750960 -3.989570
v 0.458250 1.168650 -3.966440
v 0.000000 1.273930 -3.861160
v 0.000000 0.483990 -4.173770
v -0.231780 0.800180 -4.038790
v 0.000000 0.853430 -3.985530
v 0.000000 0.483990 -4.173770
v -0.375030 0.660760 -4.178210
v -0.231780 0.800180 -4.038790
v 0.000000 0.483990 -4.173770
v -0.375030 0.488430 -4.350540
v -0.375030 0.660760 -4.178210
v 0.000000 0.483990 -4.173770
v -0.231780 0.349010 -4.489950
v -0.375030 0.488430 -4.350540
v 0.000000 0.483990 -4.173770
v 0.000000 0.295760 -4.543210
v -0.231780 0.349010 -4.489950
v 0.000000 0.483990 -4.173770
v 0.231780 0.349010 -4.489950
v 0.000000 0.295760 -4.543210
v 0.000000 0.483990 -4.173770
v 0.375030 0.488430 -4.350540
v 0.231780 0.349010 -4.489950
v 0.000000 0.483990 -4.173770
v 0.375030 0.660760 -4.178210
v 0.375030 0.488430 -4.350540
v 0.000000 0.483990 -4.173770
v 0.231780 0.800180 -4.038790
v 0.375030 0.660760 -4.178210
v 0.000000 0.483990 -4.173770
v 0.000000 0.853430 -3.985530
v 0.231780 0.800180 -4.038790
v -0.458250 1.168650 -3.966440
v 0.000000 1.273930 -3.861160
v 0.000000 0.853430 -3.985530
v 0.000000 0.853430 -3.985530
v -0.231780 0.800180 -4.038790
v -0.458250 1.168650 -3.966440
v -0.741470 0.893010 -4.242080
v -0.458250 1.168650 -3.966440
v -0.231780 0.800180 -4.038790
v -0.231780 0.800180 -4.038790
v -0.375030 0.660760 -4.178210
v -0.741470 0.893010 -4.242080
v -0.741470 0.552300 -4.582790
v -0.741470 0.893010 -4.242080
v -0.375030 0.660760 -4.178210
v -0.375030 0.660760 -4.178210
v -0.375030 0.488430 -4.350540
v -0.741470 0.552300 -4.582790
v -0.458250 0.276670 -4.858430
v -0.741470 0.552300 -4.582790
v -0.375030 0.488430 -4.350540
v -0.375030 0.488430 -4.350540
v -0.231780 0.349010 -4.489950
v -0.458250 0.276670 -4.858430
v 0.000000 0.171380 -4.963710
v -0.458250 0.276670 -4.858430
v -0.231780 0.349010 -4.489950
v -0.231780 0.349010 -4.489950
v 0.000000 0.295760 -4.543210
v 0.000000 0.171380 -4.963710
v 0.458250 0.276670 -4.858430
v 0.000000 0.171380 -4.963710
v 0.000000 0.295760 -4.543210
v 0.000000 0.295760 -4.543210
v 0.231780 0.349010 -4.489950
v 0.458250 0.276670 -4.858430
v 0.741470 0.552300 -4.582790
v 0.458250 0.276670 -4.858430
v 0.231780 0.349010 -4.489950
v 0.231780 0.349010 -4.489950
v 0.375030 0.488430 -4.350540
v 0.741470 0.552300 -4.582790
v 0.741470 0.893010 -4.242080
v 0.741470 0.552300 -4.582790
v 0.375030 0.488430 -4.350540
v 0.375030 0.488430 -4.350540
v 0.375030 0.660760 -4.178210
v 0.741470 0.893010 -4.242080
v 0.458250 1.168650 -3.966440
v 0.741470 0.893010 -4.242080
v 0.375030 0.660760 -4.178210
v 0.375030 0.660760 -4.178210
v 0.231780 0.800180 -4.038790
v 0.458250 1.168650 -3.966440
v 0.000000 1.273930 -3.861160
v 0.458250 1.168650 -3.966440
v 0.231780 0.800180 -4.038790
v 0.231780 0.800180 -4.038790
v 0.000000 0.853430 -3.985530
v 0.000000 1.273930 -3.861160
vt 0.481070 -0.581700
vt 0.599940 -0.581700
vt 0.599940 -0.516830
vt 0.599940 -0.516830
vt 0.481070 -0.516830
vt 0.481070 -0.581700
vt 0.409550 -0.575870
vt 0.409550 -0.562630
vt 0.402970 -0.557410
vt 0.659520 -0.558320
vt 0.659520 -0.581700
vt 0.739890 -0.581700
vt 0.460520 -0.581700
vt 0.460520 -0.522640
vt 0.431420 -0.535930
vt 0.431420 -0.535930
vt 0.431420 -0.572990
vt 0.460520 -0.581700
vt 0.460520 -0.581700
vt 0.481070 -0.581700
vt 0.481070 -0.516830
vt 0.481070 -0.516830
vt 0.460520 -0.522640
vt 0.460520 -0.581700
vt 0.659520 -0.558320
vt 0.599940 -0.516830
vt 0.599940 -0.581700
vt 0.599940 -0.581700
vt 0.659520 -0.581700
vt 0.659520 -0.558320
vt 0.409550 -0.562630
vt 0.431420 -0.535930
vt 0.402970 -0.557410
vt 0.739890 -0.581700
vt 0.659520 -0.581700
vt 0.739890 -0.608470
vt 0.409550 -0.562630
vt 0.409550 -0.575870
vt 0.431420 -0.594380
vt 0.431420 -0.594380
vt 0.431420 -0.572990
vt 0.409550 -0.562630
vt 0.481070 -0.581700
vt 0.481070 -0.608470
vt 0.599940 -0.608470
vt 0.599940 -0.608470
vt 0.599940 -0.581700
vt 0.481070 -0.581700
vt 0.460520 -0.608470
vt 0.460520 -0.581700
vt 0.431420 -0.572990
vt 0.431420 -0.572990
vt 0.431420 -0.594380
vt 0.460520 -0.608470
vt 0.460520 -0.581700
vt 0.460520 -0.608470
vt 0.481070 -0.608470
vt 0.481070 -0.608470
vt 0.481070 -0.581700
vt 0.460520 -0.581700
vt 0.599940 -0.581700
vt 0.599940 -0.608470
vt 0.659520 -0.608470
vt 0.659520 -0.608470
vt 0.659520 -0.581700
vt 0.599940 -0.581700
vt 0.659520 -0.581700
vt 0.659520 -0.608470
vt 0.739890 -0.608470
vt 0.409550 -0.562630
vt 0.431420 -0.572990
vt 0.431420 -0.535930
vt 0.176870 -0.369310
vt 0.176870 -0.400600
vt 0.223760 -0.400600
vt 0.223760 -0.400600
vt 0.223760 -0.369310
vt 0.176870 -0.369310
vt 0.576520 -0.473200
vt 0.576520 -0.444150
vt 0.623420 -0.446790
vt 0.623420 -0.446790
vt 0.623420 -0.473200
vt 0.576520 -0.473200
vt 0.176870 -0.223450
vt 0.176870 -0.305620
vt 0.223760 -0.319890
vt 0.223760 -0.319890
vt 0.223760 -0.220780
vt 0.176870 -0.223450
vt 0.176870 -0.305620
vt 0.176870 -0.223450
vt 0.144930 -0.230450
vt 0.144930 -0.230450
vt 0.144930 -0.302870
vt 0.176870 -0.305620
vt 0.544580 -0.437180
vt 0.554850 -0.439420
vt 0.553070 -0.465160
vt 0.553070 -0.465160
vt 0.544580 -0.462250
vt 0.544580 -0.437180
vt 0.176870 -0.400600
vt 0.176870 -0.369310
vt 0.144930 -0.369310
vt 0.144930 -0.369310
vt 0.144930 -0.400600
vt 0.176870 -0.400600
vt 0.144930 -0.302870
vt 0.144930 -0.230450
vt 0.113250 -0.243870
vt 0.113250 -0.243870
vt 0.113250 -0.301480
vt 0.144930 -0.302870
vt 0.144930 -0.214010
vt 0.144930 -0.188940
vt 0.113250 -0.204770
vt 0.113250 -0.204770
vt 0.113250 -0.227250
vt 0.144930 -0.214010
vt 0.144930 -0.400600
vt 0.144930 -0.369310
vt 0.113250 -0.369310
vt 0.113250 -0.369310
vt 0.113250 -0.400600
vt 0.144930 -0.400600
vt 0.113250 -0.301480
vt 0.113250 -0.243870
vt 0.081840 -0.261740
vt 0.081840 -0.261740
vt 0.081840 -0.302720
vt 0.113250 -0.301480
vt 0.113250 -0.227250
vt 0.113250 -0.204770
vt 0.081840 -0.226480
vt 0.081840 -0.226480
vt 0.081840 -0.245530
vt 0.113250 -0.227250
vt 0.113250 -0.400600
vt 0.113250 -0.369310
vt 0.081840 -0.369310
vt 0.081840 -0.369310
vt 0.081840 -0.400600
vt 0.113250 -0.400600
vt 0.049970 -0.300080
vt 0.081840 -0.302720
vt 0.081840 -0.261740
vt 0.081840 -0.261740
vt 0.049970 -0.283090
vt 0.049970 -0.300080
vt 0.081840 -0.245530
vt 0.081840 -0.226480
vt 0.049970 -0.250690
vt 0.049970 -0.250690
vt 0.049970 -0.266270
vt 0.081840 -0.245530
vt 0.081840 -0.400600
vt 0.081840 -0.369310
vt 0.049970 -0.369310
vt 0.049970 -0.369310
vt 0.049970 -0.400600
vt 0.081840 -0.400600
vt 0.049970 -0.300080
vt 0.028890 -0.291350
vt 0.022290 -0.297020
vt 0.049970 -0.266270
vt 0.049970 -0.250690
vt 0.019930 -0.274300
vt 0.019930 -0.274300
vt 0.028890 -0.291350
vt 0.049970 -0.266270
vt 0.049970 -0.400600
vt 0.049970 -0.369310
vt 0.022290 -0.353730
vt 0.022290 -0.353730
vt 0.022290 -0.385250
vt 0.049970 -0.400600
vt 0.007640 -0.277960
vt 0.022290 -0.297020
vt 0.028890 -0.291350
vt 0.028890 -0.291350
vt 0.019930 -0.274300
vt 0.007640 -0.277960
vt 0.022290 -0.385250
vt 0.022290 -0.353730
vt 0.007640 -0.340780
vt 0.223760 -0.369310
vt 0.223760 -0.400600
vt 0.274600 -0.400600
vt 0.274600 -0.400600
vt 0.274600 -0.369310
vt 0.223760 -0.369310
vt 0.674250 -0.437530
vt 0.674250 -0.464830
vt 0.655520 -0.467910
vt 0.655520 -0.467910
vt 0.653550 -0.441300
vt 0.674250 -0.437530
vt 0.223760 -0.220780
vt 0.223760 -0.319890
vt 0.274600 -0.337820
vt 0.274600 -0.337820
vt 0.274600 -0.230120
vt 0.223760 -0.220780
vt 0.274600 -0.369310
vt 0.274600 -0.400600
vt 0.314110 -0.400600
vt 0.314110 -0.400600
vt 0.314110 -0.369310
vt 0.274600 -0.369310
vt 0.274600 -0.186360
vt 0.274600 -0.213660
vt 0.327970 -0.227700
vt 0.327970 -0.227700
vt 0.327970 -0.201950
vt 0.274600 -0.186360
vt 0.274600 -0.230120
vt 0.274600 -0.337820
vt 0.314110 -0.347940
vt 0.314110 -0.347940
vt 0.327970 -0.244340
vt 0.274600 -0.230120
vt 0.340470 -0.369310
vt 0.340470 -0.400600
vt 0.379110 -0.400600
vt 0.379110 -0.400600
vt 0.379110 -0.369310
vt 0.340470 -0.369310
vt 0.327970 -0.201950
vt 0.327970 -0.227700
vt 0.379110 -0.242190
vt 0.379110 -0.242190
vt 0.379110 -0.216860
vt 0.327970 -0.201950
vt 0.327970 -0.244340
vt 0.340470 -0.351860
vt 0.379110 -0.351330
vt 0.379110 -0.351330
vt 0.379110 -0.258840
vt 0.327970 -0.244340
vt 0.379110 -0.369310
vt 0.379110 -0.400600
vt 0.431070 -0.400600
vt 0.431070 -0.400600
vt 0.431070 -0.369310
vt 0.379110 -0.369310
vt 0.379110 -0.216860
vt 0.379110 -0.242190
vt 0.431070 -0.253150
vt 0.431070 -0.253150
vt 0.431070 -0.226740
vt 0.379110 -0.216860
vt 0.379110 -0.258840
vt 0.379110 -0.351330
vt 0.431070 -0.343230
vt 0.431070 -0.343230
vt 0.431070 -0.269670
vt 0.379110 -0.258840
vt 0.022290 -0.347360
vt 0.007640 -0.340780
vt 0.022290 -0.353730
vt 0.274600 -0.369310
vt 0.314110 -0.369310
vt 0.314110 -0.354760
vt 0.314110 -0.354760
vt 0.274600 -0.354760
vt 0.274600 -0.369310
vt 0.223760 -0.369310
vt 0.223760 -0.354760
vt 0.176870 -0.354760
vt 0.176870 -0.354760
vt 0.176870 -0.369310
vt 0.223760 -0.369310
vt 0.176870 -0.369310
vt 0.176870 -0.354760
vt 0.144930 -0.354760
vt 0.144930 -0.354760
vt 0.144930 -0.369310
vt 0.176870 -0.369310
vt 0.144930 -0.369310
vt 0.144930 -0.354760
vt 0.113250 -0.354760
vt 0.113250 -0.354760
vt 0.113250 -0.369310
vt 0.144930 -0.369310
vt 0.113250 -0.369310
vt 0.113250 -0.354760
vt 0.081840 -0.354760
vt 0.081840 -0.354760
vt 0.081840 -0.369310
vt 0.113250 -0.369310
vt 0.081840 -0.369310
vt 0.081840 -0.354760
vt 0.049970 -0.354760
vt 0.049970 -0.354760
vt 0.049970 -0.369310
vt 0.081840 -0.369310
vt 0.049970 -0.369310
vt 0.049970 -0.354760
vt 0.022290 -0.347360
vt 0.022290 -0.347360
vt 0.022290 -0.353730
vt 0.049970 -0.369310
vt 0.223760 -0.354760
vt 0.223760 -0.369310
vt 0.274600 -0.369310
vt 0.274600 -0.369310
vt 0.274600 -0.354760
vt 0.223760 -0.354760
vt 0.314110 -0.369310
vt 0.340470 -0.369310
vt 0.340470 -0.354760
vt 0.340470 -0.354760
vt 0.314110 -0.354760
vt 0.314110 -0.369310
vt 0.340470 -0.369310
vt 0.314110 -0.369310
vt 0.314110 -0.400600
vt 0.314110 -0.400600
vt 0.340470 -0.400600
vt 0.340470 -0.369310
vt 0.327970 -0.244340
vt 0.314110 -0.347940
vt 0.340470 -0.351860
vt 0.929860 -0.582270
vt 0.924940 -0.568740
vt 0.872480 -0.568740
vt 0.872480 -0.568740
vt 0.872480 -0.582270
vt 0.929860 -0.582270
vt 0.924940 -0.568740
vt 0.920010 -0.555220
vt 0.872480 -0.555220
vt 0.872480 -0.555220
vt 0.872480 -0.568740
vt 0.924940 -0.568740
vt 0.920010 -0.555220
vt 0.916410 -0.545320
vt 0.872480 -0.545320
vt 0.872480 -0.545320
vt 0.872480 -0.555220
vt 0.920010 -0.555220
vt 0.916410 -0.545320
vt 0.915090 -0.530930
vt 0.872490 -0.530930
vt 0.872490 -0.530930
vt 0.872480 -0.545320
vt 0.916410 -0.545320
vt 0.829120 -0.582270
vt 0.829120 -0.568740
vt 0.758160 -0.564830
vt 0.829120 -0.568740
vt 0.829120 -0.555220
vt 0.758160 -0.564830
vt 0.829120 -0.555220
vt 0.829120 -0.545320
vt 0.758160 -0.564830
vt 0.829120 -0.545320
vt 0.829120 -0.530930
vt 0.758160 -0.564830
vt 0.829120 -0.582270
vt 0.872480 -0.582270
vt 0.872480 -0.568740
vt 0.872480 -0.568740
vt 0.829120 -0.568740
vt 0.829120 -0.582270
vt 0.829120 -0.568740
vt 0.872480 -0.568740
vt 0.872480 -0.555220
vt 0.872480 -0.555220
vt 0.829120 -0.555220
vt 0.829120 -0.568740
vt 0.829120 -0.555220
vt 0.872480 -0.555220
vt 0.872480 -0.545320
vt 0.872480 -0.545320
vt 0.829120 -0.545320
vt 0.829120 -0.555220
vt 0.829120 -0.545320
vt 0.872480 -0.545320
vt 0.872490 -0.530930
vt 0.872490 -0.530930
vt 0.829120 -0.530930
vt 0.829120 -0.545320
vt 0.939390 -0.560580
vt 0.943250 -0.574100
vt 0.968170 -0.574100
vt 0.968170 -0.574100
vt 0.968170 -0.533530
vt 0.953780 -0.537160
vt 0.939390 -0.560580
vt 0.968170 -0.574100
vt 0.953780 -0.537160
vt 0.939390 -0.560580
vt 0.953780 -0.537160
vt 0.943250 -0.547050
vt 0.134860 -0.943290
vt 0.904380 -0.915610
vt 0.901800 -0.971350
vt 0.901800 -0.971350
vt 0.134290 -0.957920
vt 0.134860 -0.943290
vt 0.902140 -0.767990
vt 0.903550 -0.805640
vt 0.134770 -0.794880
vt 0.134770 -0.794880
vt 0.134220 -0.780250
vt 0.902140 -0.767990
vt 0.134290 -0.957920
vt 0.129960 -0.962000
vt 0.130740 -0.942140
vt 0.130740 -0.942140
vt 0.134860 -0.943290
vt 0.134290 -0.957920
vt 0.132750 -0.805410
vt 0.902850 -0.859640
vt 0.902400 -0.865950
vt 0.902400 -0.865950
vt 0.136680 -0.808680
vt 0.132750 -0.805410
vt 0.986810 -0.990880
vt 0.986650 -0.995040
vt 0.930680 -0.989680
vt 0.930680 -0.989680
vt 0.931040 -0.985610
vt 0.986810 -0.990880
vt 0.134220 -0.780250
vt 0.129900 -0.776160
vt 0.901980 -0.763570
vt 0.901980 -0.763570
vt 0.902140 -0.767990
vt 0.134220 -0.780250
vt 0.987950 -0.865630
vt 0.902850 -0.859640
vt 0.904320 -0.853400
vt 0.904320 -0.853400
vt 0.989670 -0.859120
vt 0.987950 -0.865630
vt 0.136080 -0.802650
vt 0.131040 -0.806480
vt 0.130650 -0.796020
vt 0.130650 -0.796020
vt 0.134770 -0.794880
vt 0.136080 -0.802650
vt 0.905540 -0.886120
vt 0.991140 -0.880630
vt 0.989650 -0.918670
vt 0.989650 -0.918670
vt 0.904380 -0.915610
vt 0.905540 -0.886120
vt 0.931020 -0.754020
vt 0.986810 -0.748860
vt 0.988820 -0.802610
vt 0.931020 -0.754020
vt 0.988820 -0.802610
vt 0.903550 -0.805640
vt 0.931020 -0.754020
vt 0.903550 -0.805640
vt 0.902140 -0.767990
vt 0.931020 -0.754020
vt 0.902140 -0.767990
vt 0.915480 -0.759300
vt 0.987950 -0.865630
vt 0.987490 -0.872150
vt 0.902400 -0.865950
vt 0.902400 -0.865950
vt 0.902850 -0.859640
vt 0.987950 -0.865630
vt 0.902020 -0.976010
vt 0.129960 -0.962000
vt 0.134290 -0.957920
vt 0.134290 -0.957920
vt 0.901800 -0.971350
vt 0.902020 -0.976010
vt 0.901980 -0.763570
vt 0.915040 -0.755220
vt 0.915480 -0.759300
vt 0.915480 -0.759300
vt 0.902140 -0.767990
vt 0.901980 -0.763570
vt 0.132750 -0.805410
vt 0.136080 -0.802650
vt 0.904320 -0.853400
vt 0.904320 -0.853400
vt 0.902850 -0.859640
vt 0.132750 -0.805410
vt 0.902020 -0.976010
vt 0.901800 -0.971350
vt 0.915450 -0.980270
vt 0.915450 -0.980270
vt 0.915050 -0.984390
vt 0.902020 -0.976010
vt 0.930670 -0.749960
vt 0.986650 -0.744700
vt 0.986810 -0.748860
vt 0.986810 -0.748860
vt 0.931020 -0.754020
vt 0.930670 -0.749960
vt 0.135160 -0.935590
vt 0.905540 -0.886120
vt 0.904380 -0.915610
vt 0.904380 -0.915610
vt 0.134860 -0.943290
vt 0.135160 -0.935590
vt 0.134770 -0.794880
vt 0.904920 -0.842180
vt 0.904320 -0.853400
vt 0.904320 -0.853400
vt 0.136080 -0.802650
vt 0.134770 -0.794880
vt 0.130740 -0.942140
vt 0.131150 -0.931680
vt 0.135160 -0.935590
vt 0.135160 -0.935590
vt 0.134860 -0.943290
vt 0.130740 -0.942140
vt 0.130650 -0.796020
vt 0.129900 -0.776160
vt 0.134220 -0.780250
vt 0.134220 -0.780250
vt 0.134770 -0.794880
vt 0.130650 -0.796020
vt 0.901800 -0.971350
vt 0.904380 -0.915610
vt 0.989650 -0.918670
vt 0.989650 -0.918670
vt 0.986810 -0.990880
vt 0.931040 -0.985610
vt 0.901800 -0.971350
vt 0.989650 -0.918670
vt 0.931040 -0.985610
vt 0.915450 -0.980270
vt 0.901800 -0.971350
vt 0.931040 -0.985610
vt 0.990190 -0.839470
vt 0.989670 -0.859120
vt 0.904320 -0.853400
vt 0.904320 -0.853400
vt 0.904920 -0.842180
vt 0.990190 -0.839470
vt 0.340470 -0.354760
vt 0.340470 -0.369310
vt 0.379110 -0.369310
vt 0.379110 -0.369310
vt 0.379110 -0.354760
vt 0.340470 -0.354760
vt 0.379110 -0.354760
vt 0.379110 -0.369310
vt 0.431070 -0.369310
vt 0.431070 -0.369310
vt 0.431070 -0.354760
vt 0.379110 -0.354760
vt 0.903550 -0.805640
vt 0.904920 -0.842180
vt 0.134770 -0.794880
vt 0.988820 -0.802610
vt 0.990190 -0.839470
vt 0.904920 -0.842180
vt 0.904920 -0.842180
vt 0.903550 -0.805640
vt 0.988820 -0.802610
vt 0.930680 -0.989680
vt 0.915050 -0.984390
vt 0.915450 -0.980270
vt 0.915450 -0.980270
vt 0.931040 -0.985610
vt 0.930680 -0.989680
vt 0.915040 -0.755220
vt 0.930670 -0.749960
vt 0.931020 -0.754020
vt 0.931020 -0.754020
vt 0.915480 -0.759300
vt 0.915040 -0.755220
vt 0.049970 -0.266270
vt 0.028890 -0.291350
vt 0.049970 -0.283090
vt 0.576520 -0.444150
vt 0.576520 -0.427740
vt 0.623420 -0.430410
vt 0.623420 -0.430410
vt 0.623420 -0.446790
vt 0.576520 -0.444150
vt 0.554850 -0.439420
vt 0.544580 -0.437180
vt 0.576520 -0.427740
vt 0.576520 -0.427740
vt 0.576520 -0.444150
vt 0.554850 -0.439420
vt 0.144930 -0.230450
vt 0.144930 -0.214010
vt 0.113250 -0.227250
vt 0.113250 -0.227250
vt 0.113250 -0.243870
vt 0.144930 -0.230450
vt 0.113250 -0.243870
vt 0.113250 -0.227250
vt 0.081840 -0.245530
vt 0.081840 -0.245530
vt 0.081840 -0.261740
vt 0.113250 -0.243870
vt 0.081840 -0.261740
vt 0.081840 -0.245530
vt 0.049970 -0.266270
vt 0.049970 -0.266270
vt 0.049970 -0.283090
vt 0.081840 -0.261740
vt 0.274600 -0.230120
vt 0.274600 -0.213660
vt 0.223760 -0.220780
vt 0.274600 -0.213660
vt 0.274600 -0.230120
vt 0.327970 -0.244340
vt 0.327970 -0.244340
vt 0.327970 -0.227700
vt 0.274600 -0.213660
vt 0.327970 -0.227700
vt 0.327970 -0.244340
vt 0.379110 -0.258840
vt 0.379110 -0.258840
vt 0.379110 -0.242190
vt 0.327970 -0.227700
vt 0.379110 -0.242190
vt 0.379110 -0.258840
vt 0.431070 -0.269670
vt 0.431070 -0.269670
vt 0.431070 -0.253150
vt 0.379110 -0.242190
vt 0.049970 -0.300080
vt 0.049970 -0.283090
vt 0.028890 -0.291350
vt 0.481070 -0.581700
vt 0.481070 -0.516830
vt 0.599940 -0.516830
vt 0.599940 -0.516830
vt 0.599940 -0.581700
vt 0.481070 -0.581700
vt 0.409550 -0.575870
vt 0.402970 -0.557410
vt 0.409550 -0.562630
vt 0.659520 -0.558320
vt 0.739890 -0.581700
vt 0.659520 -0.581700
vt 0.460520 -0.581700
vt 0.431420 -0.572990
vt 0.431420 -0.535930
vt 0.431420 -0.535930
vt 0.460520 -0.522640
vt 0.460520 -0.581700
vt 0.460520 -0.581700
vt 0.460520 -0.522640
vt 0.481070 -0.516830
vt 0.481070 -0.516830
vt 0.481070 -0.581700
vt 0.460520 -0.581700
vt 0.659520 -0.558320
vt 0.659520 -0.581700
vt 0.599940 -0.581700
vt 0.599940 -0.581700
vt 0.599940 -0.516830
vt 0.659520 -0.558320
vt 0.409550 -0.562630
vt 0.402970 -0.557410
vt 0.431420 -0.535930
vt 0.739890 -0.581700
vt 0.739890 -0.608470
vt 0.659520 -0.581700
vt 0.409550 -0.562630
vt 0.431420 -0.572990
vt 0.431420 -0.594380
vt 0.431420 -0.594380
vt 0.409550 -0.575870
vt 0.409550 -0.562630
vt 0.481070 -0.581700
vt 0.599940 -0.581700
vt 0.599940 -0.608470
vt 0.599940 -0.608470
vt 0.481070 -0.608470
vt 0.481070 -0.581700
vt 0.460520 -0.608470
vt 0.431420 -0.594380
vt 0.431420 -0.572990
vt 0.431420 -0.572990
vt 0.460520 -0.581700
vt 0.460520 -0.608470
vt 0.460520 -0.581700
vt 0.481070 -0.581700
vt 0.481070 -0.608470
vt 0.481070 -0.608470
vt 0.460520 -0.608470
vt 0.460520 -0.581700
vt 0.599940 -0.581700
vt 0.659520 -0.581700
vt 0.659520 -0.608470
vt 0.659520 -0.608470
vt 0.599940 -0.608470
vt 0.599940 -0.581700
vt 0.659520 -0.581700
vt 0.739890 -0.608470
vt 0.659520 -0.608470
vt 0.409550 -0.562630
vt 0.431420 -0.535930
vt 0.431420 -0.572990
vt 0.176870 -0.369310
vt 0.223760 -0.369310
vt 0.223760 -0.400600
vt 0.223760 -0.400600
vt 0.176870 -0.400600
vt 0.176870 -0.369310
vt 0.576520 -0.473200
vt 0.623420 -0.473200
vt 0.623420 -0.446660
vt 0.623420 -0.446660
vt 0.576520 -0.444020
vt 0.576520 -0.473200
vt 0.176870 -0.132530
vt 0.223760 -0.135200
vt 0.223760 -0.036090
vt 0.223760 -0.036090
vt 0.176870 -0.050360
vt 0.176870 -0.132530
vt 0.176870 -0.050360
vt 0.144930 -0.053100
vt 0.144930 -0.125530
vt 0.144930 -0.125530
vt 0.176870 -0.132530
vt 0.176870 -0.050360
vt 0.553070 -0.465020
vt 0.554100 -0.439120
vt 0.544580 -0.437040
vt 0.544580 -0.437040
vt 0.544580 -0.462110
vt 0.553070 -0.465020
vt 0.176870 -0.400600
vt 0.144930 -0.400600
vt 0.144930 -0.369310
vt 0.144930 -0.369310
vt 0.176870 -0.369310
vt 0.176870 -0.400600
vt 0.144930 -0.053100
vt 0.113250 -0.054500
vt 0.113250 -0.112110
vt 0.113250 -0.112110
vt 0.144930 -0.125530
vt 0.144930 -0.053100
vt 0.144930 -0.141970
vt 0.113250 -0.128730
vt 0.113250 -0.151210
vt 0.113250 -0.151210
vt 0.144930 -0.167030
vt 0.144930 -0.141970
vt 0.144930 -0.400600
vt 0.113250 -0.400600
vt 0.113250 -0.369310
vt 0.113250 -0.369310
vt 0.144930 -0.369310
vt 0.144930 -0.400600
vt 0.113250 -0.054500
vt 0.081840 -0.053260
vt 0.081840 -0.094240
vt 0.081840 -0.094240
vt 0.113250 -0.112110
vt 0.113250 -0.054500
vt 0.113250 -0.128730
vt 0.081840 -0.110450
vt 0.081840 -0.129500
vt 0.081840 -0.129500
vt 0.113250 -0.151210
vt 0.113250 -0.128730
vt 0.113250 -0.400600
vt 0.081840 -0.400600
vt 0.081840 -0.369310
vt 0.081840 -0.369310
vt 0.113250 -0.369310
vt 0.113250 -0.400600
vt 0.049970 -0.055890
vt 0.049970 -0.072890
vt 0.081840 -0.094240
vt 0.081840 -0.094240
vt 0.081840 -0.053260
vt 0.049970 -0.055890
vt 0.081840 -0.110450
vt 0.049970 -0.089710
vt 0.049970 -0.105290
vt 0.049970 -0.105290
vt 0.081840 -0.129500
vt 0.081840 -0.110450
vt 0.081840 -0.400600
vt 0.049970 -0.400600
vt 0.049970 -0.369310
vt 0.049970 -0.369310
vt 0.081840 -0.369310
vt 0.081840 -0.400600
vt 0.049970 -0.055890
vt 0.022290 -0.058950
vt 0.028890 -0.064630
vt 0.049970 -0.089710
vt 0.028890 -0.064630
vt 0.019930 -0.081680
vt 0.019930 -0.081680
vt 0.049970 -0.105290
vt 0.049970 -0.089710
vt 0.049970 -0.400600
vt 0.022290 -0.385250
vt 0.022290 -0.353730
vt 0.022290 -0.353730
vt 0.049970 -0.369310
vt 0.049970 -0.400600
vt 0.007640 -0.078010
vt 0.028890 -0.064630
vt 0.022290 -0.058950
vt 0.028890 -0.064630
vt 0.007640 -0.078010
vt 0.019930 -0.081680
vt 0.022290 -0.385250
vt 0.007640 -0.340780
vt 0.022290 -0.353730
vt 0.223760 -0.369310
vt 0.274600 -0.369310
vt 0.274600 -0.400600
vt 0.274600 -0.400600
vt 0.223760 -0.400600
vt 0.223760 -0.369310
vt 0.674250 -0.437390
vt 0.651960 -0.441450
vt 0.655520 -0.467780
vt 0.655520 -0.467780
vt 0.674250 -0.464690
vt 0.674250 -0.437390
vt 0.223760 -0.135200
vt 0.274600 -0.125850
vt 0.274600 -0.018160
vt 0.274600 -0.018160
vt 0.223760 -0.036090
vt 0.223760 -0.135200
vt 0.274600 -0.369310
vt 0.314110 -0.369310
vt 0.314110 -0.400600
vt 0.314110 -0.400600
vt 0.274600 -0.400600
vt 0.274600 -0.369310
vt 0.274600 -0.169610
vt 0.327970 -0.154030
vt 0.327970 -0.128280
vt 0.327970 -0.128280
vt 0.274600 -0.142310
vt 0.274600 -0.169610
vt 0.274600 -0.125850
vt 0.327970 -0.111640
vt 0.314110 -0.008040
vt 0.314110 -0.008040
vt 0.274600 -0.018160
vt 0.274600 -0.125850
vt 0.340470 -0.369310
vt 0.379110 -0.369310
vt 0.379110 -0.400600
vt 0.379110 -0.400600
vt 0.340470 -0.400600
vt 0.340470 -0.369310
vt 0.327970 -0.154030
vt 0.379110 -0.139110
vt 0.379110 -0.113790
vt 0.379110 -0.113790
vt 0.327970 -0.128280
vt 0.327970 -0.154030
vt 0.327970 -0.111640
vt 0.379110 -0.097140
vt 0.379110 -0.004650
vt 0.379110 -0.004650
vt 0.340470 -0.004110
vt 0.327970 -0.111640
vt 0.379110 -0.369310
vt 0.431070 -0.369310
vt 0.431070 -0.400600
vt 0.431070 -0.400600
vt 0.379110 -0.400600
vt 0.379110 -0.369310
vt 0.379110 -0.139110
vt 0.431070 -0.129240
vt 0.431070 -0.102830
vt 0.431070 -0.102830
vt 0.379110 -0.113790
vt 0.379110 -0.139110
vt 0.379110 -0.097140
vt 0.431070 -0.086310
vt 0.431070 -0.012740
vt 0.431070 -0.012740
vt 0.379110 -0.004650
vt 0.379110 -0.097140
vt 0.022290 -0.347360
vt 0.022290 -0.353730
vt 0.007640 -0.340780
vt 0.274600 -0.369310
vt 0.274600 -0.354760
vt 0.314110 -0.354760
vt 0.314110 -0.354760
vt 0.314110 -0.369310
vt 0.274600 -0.369310
vt 0.223760 -0.369310
vt 0.176870 -0.369310
vt 0.176870 -0.354760
vt 0.176870 -0.354760
vt 0.223760 -0.354760
vt 0.223760 -0.369310
vt 0.176870 -0.369310
vt 0.144930 -0.369310
vt 0.144930 -0.354760
vt 0.144930 -0.354760
vt 0.176870 -0.354760
vt 0.176870 -0.369310
vt 0.144930 -0.369310
vt 0.113250 -0.369310
vt 0.113250 -0.354760
vt 0.113250 -0.354760
vt 0.144930 -0.354760
vt 0.144930 -0.369310
vt 0.113250 -0.369310
vt 0.081840 -0.369310
vt 0.081840 -0.354760
vt 0.081840 -0.354760
vt 0.113250 -0.354760
vt 0.113250 -0.369310
vt 0.081840 -0.369310
vt 0.049970 -0.369310
vt 0.049970 -0.354760
vt 0.049970 -0.354760
vt 0.081840 -0.354760
vt 0.081840 -0.369310
vt 0.049970 -0.369310
vt 0.022290 -0.353730
vt 0.022290 -0.347360
vt 0.022290 -0.347360
vt 0.049970 -0.354760
vt 0.049970 -0.369310
vt 0.223760 -0.354760
vt 0.274600 -0.354760
vt 0.274600 -0.369310
vt 0.274600 -0.369310
vt 0.223760 -0.369310
vt 0.223760 -0.354760
vt 0.314110 -0.369310
vt 0.314110 -0.354760
vt 0.340470 -0.354760
vt 0.340470 -0.354760
vt 0.340470 -0.369310
vt 0.314110 -0.369310
vt 0.340470 -0.369310
vt 0.340470 -0.400600
vt 0.314110 -0.400600
vt 0.314110 -0.400600
vt 0.314110 -0.369310
vt 0.340470 -0.369310
vt 0.327970 -0.111640
vt 0.340470 -0.004110
vt 0.314110 -0.008040
vt 0.929860 -0.582270
vt 0.872480 -0.582270
vt 0.872480 -0.568740
vt 0.872480 -0.568740
vt 0.924940 -0.568740
vt 0.929860 -0.582270
vt 0.924940 -0.568740
vt 0.872480 -0.568740
vt 0.872480 -0.555220
vt 0.872480 -0.555220
vt 0.920010 -0.555220
vt 0.924940 -0.568740
vt 0.920010 -0.555220
vt 0.872480 -0.555220
vt 0.872480 -0.545320
vt 0.872480 -0.545320
vt 0.916410 -0.545320
vt 0.920010 -0.555220
vt 0.916410 -0.545320
vt 0.872480 -0.545320
vt 0.872490 -0.530930
vt 0.872490 -0.530930
vt 0.915090 -0.530930
vt 0.916410 -0.545320
vt 0.829120 -0.582270
vt 0.758160 -0.564830
vt 0.829120 -0.568740
vt 0.829120 -0.568740
vt 0.758160 -0.564830
vt 0.829120 -0.555220
vt 0.829120 -0.555220
vt 0.758160 -0.564830
vt 0.829120 -0.545320
vt 0.829120 -0.545320
vt 0.758160 -0.564830
vt 0.829120 -0.530930
vt 0.829120 -0.582270
vt 0.829120 -0.568740
vt 0.872480 -0.568740
vt 0.872480 -0.568740
vt 0.872480 -0.582270
vt 0.829120 -0.582270
vt 0.829120 -0.568740
vt 0.829120 -0.555220
vt 0.872480 -0.555220
vt 0.872480 -0.555220
vt 0.872480 -0.568740
vt 0.829120 -0.568740
vt 0.829120 -0.555220
vt 0.829120 -0.545320
vt 0.872480 -0.545320
vt 0.872480 -0.545320
vt 0.872480 -0.555220
vt 0.829120 -0.555220
vt 0.829120 -0.545320
vt 0.829120 -0.530930
vt 0.872490 -0.530930
vt 0.872490 -0.530930
vt 0.872480 -0.545320
vt 0.829120 -0.545320
vt 0.939390 -0.560580
vt 0.943250 -0.547050
vt 0.953780 -0.537160
vt 0.953780 -0.537160
vt 0.968170 -0.533530
vt 0.968170 -0.574100
vt 0.939390 -0.560580
vt 0.953780 -0.537160
vt 0.968170 -0.574100
vt 0.939390 -0.560580
vt 0.968170 -0.574100
vt 0.943250 -0.574100
vt 0.134860 -0.943290
vt 0.134290 -0.957920
vt 0.901800 -0.971350
vt 0.901800 -0.971350
vt 0.904380 -0.915610
vt 0.134860 -0.943290
vt 0.902140 -0.632190
vt 0.134220 -0.644460
vt 0.134770 -0.659080
vt 0.134770 -0.659080
vt 0.903550 -0.669850
vt 0.902140 -0.632190
vt 0.134290 -0.957920
vt 0.134860 -0.943290
vt 0.130740 -0.942140
vt 0.130740 -0.942140
vt 0.129960 -0.962000
vt 0.134290 -0.957920
vt 0.132750 -0.669610
vt 0.136680 -0.672890
vt 0.902400 -0.730160
vt 0.902400 -0.730160
vt 0.902850 -0.723850
vt 0.132750 -0.669610
vt 0.986810 -0.990880
vt 0.931040 -0.985610
vt 0.930680 -0.989680
vt 0.930680 -0.989680
vt 0.986650 -0.995040
vt 0.986810 -0.990880
vt 0.134220 -0.644460
vt 0.902140 -0.632190
vt 0.901980 -0.627780
vt 0.901980 -0.627780
vt 0.129900 -0.640370
vt 0.134220 -0.644460
vt 0.987950 -0.729840
vt 0.989670 -0.723330
vt 0.904320 -0.717610
vt 0.904320 -0.717610
vt 0.902850 -0.723850
vt 0.987950 -0.729840
vt 0.136080 -0.666860
vt 0.134770 -0.659080
vt 0.130650 -0.660230
vt 0.130650 -0.660230
vt 0.131040 -0.670690
vt 0.136080 -0.666860
vt 0.905540 -0.886120
vt 0.904380 -0.915610
vt 0.989650 -0.918670
vt 0.989650 -0.918670
vt 0.991140 -0.880630
vt 0.905540 -0.886120
vt 0.931020 -0.618230
vt 0.915480 -0.623510
vt 0.902140 -0.632190
vt 0.931020 -0.618230
vt 0.902140 -0.632190
vt 0.903550 -0.669850
vt 0.931020 -0.618230
vt 0.903550 -0.669850
vt 0.988820 -0.666820
vt 0.931020 -0.618230
vt 0.988820 -0.666820
vt 0.986810 -0.613070
vt 0.987950 -0.729840
vt 0.902850 -0.723850
vt 0.902400 -0.730160
vt 0.902400 -0.730160
vt 0.987490 -0.736360
vt 0.987950 -0.729840
vt 0.902020 -0.976010
vt 0.901800 -0.971350
vt 0.134290 -0.957920
vt 0.134290 -0.957920
vt 0.129960 -0.962000
vt 0.902020 -0.976010
vt 0.901980 -0.627780
vt 0.902140 -0.632190
vt 0.915480 -0.623510
vt 0.915480 -0.623510
vt 0.915040 -0.619430
vt 0.901980 -0.627780
vt 0.132750 -0.669610
vt 0.902850 -0.723850
vt 0.904320 -0.717610
vt 0.904320 -0.717610
vt 0.136080 -0.666860
vt 0.132750 -0.669610
vt 0.902020 -0.976010
vt 0.915050 -0.984390
vt 0.915450 -0.980270
vt 0.915450 -0.980270
vt 0.901800 -0.971350
vt 0.902020 -0.976010
vt 0.930670 -0.614170
vt 0.931020 -0.618230
vt 0.986810 -0.613070
vt 0.986810 -0.613070
vt 0.986650 -0.608910
vt 0.930670 -0.614170
vt 0.135160 -0.935590
vt 0.134860 -0.943290
vt 0.904380 -0.915610
vt 0.904380 -0.915610
vt 0.905540 -0.886120
vt 0.135160 -0.935590
vt 0.134770 -0.659080
vt 0.136080 -0.666860
vt 0.904320 -0.717610
vt 0.904320 -0.717610
vt 0.904920 -0.706390
vt 0.134770 -0.659080
vt 0.130740 -0.942140
vt 0.134860 -0.943290
vt 0.135160 -0.935590
vt 0.135160 -0.935590
vt 0.131150 -0.931680
vt 0.130740 -0.942140
vt 0.130650 -0.660230
vt 0.134770 -0.659080
vt 0.134220 -0.644460
vt 0.134220 -0.644460
vt 0.129900 -0.640370
vt 0.130650 -0.660230
vt 0.931040 -0.985610
vt 0.986810 -0.990880
vt 0.989650 -0.918670
vt 0.915450 -0.980270
vt 0.931040 -0.985610
vt 0.989650 -0.918670
vt 0.915450 -0.980270
vt 0.989650 -0.918670
vt 0.904380 -0.915610
vt 0.915450 -0.980270
vt 0.904380 -0.915610
vt 0.901800 -0.971350
vt 0.990190 -0.703680
vt 0.904920 -0.706390
vt 0.904320 -0.717610
vt 0.904320 -0.717610
vt 0.989670 -0.723330
vt 0.990190 -0.703680
vt 0.340470 -0.354760
vt 0.379110 -0.354760
vt 0.379110 -0.369310
vt 0.379110 -0.369310
vt 0.340470 -0.369310
vt 0.340470 -0.354760
vt 0.379110 -0.354760
vt 0.431070 -0.354760
vt 0.431070 -0.369310
vt 0.431070 -0.369310
vt 0.379110 -0.369310
vt 0.379110 -0.354760
vt 0.903550 -0.669850
vt 0.134770 -0.659080
vt 0.904920 -0.706390
vt 0.988820 -0.666820
vt 0.903550 -0.669850
vt 0.904920 -0.706390
vt 0.904920 -0.706390
vt 0.990190 -0.703680
vt 0.988820 -0.666820
vt 0.930680 -0.989680
vt 0.931040 -0.985610
vt 0.915450 -0.980270
vt 0.915450 -0.980270
vt 0.915050 -0.984390
vt 0.930680 -0.989680
vt 0.915040 -0.619430
vt 0.915480 -0.623510
vt 0.931020 -0.618230
vt 0.931020 -0.618230
vt 0.930670 -0.614170
vt 0.915040 -0.619430
vt 0.049970 -0.089710
vt 0.049970 -0.072890
vt 0.028890 -0.064630
vt 0.576520 -0.444020
vt 0.623420 -0.446660
vt 0.623420 -0.430280
vt 0.623420 -0.430280
vt 0.576520 -0.427600
vt 0.576520 -0.444020
vt 0.144930 -0.141970
vt 0.176870 -0.132530
vt 0.144930 -0.125530
vt 0.144930 -0.125530
vt 0.113250 -0.112110
vt 0.113250 -0.128730
vt 0.113250 -0.128730
vt 0.144930 -0.141970
vt 0.144930 -0.125530
vt 0.113250 -0.112110
vt 0.081840 -0.094240
vt 0.081840 -0.110450
vt 0.081840 -0.110450
vt 0.113250 -0.128730
vt 0.113250 -0.112110
vt 0.081840 -0.094240
vt 0.049970 -0.072890
vt 0.049970 -0.089710
vt 0.049970 -0.089710
vt 0.081840 -0.110450
vt 0.081840 -0.094240
vt 0.274600 -0.125850
vt 0.223760 -0.135200
vt 0.274600 -0.142310
vt 0.274600 -0.142310
vt 0.327970 -0.128280
vt 0.327970 -0.111640
vt 0.327970 -0.111640
vt 0.274600 -0.125850
vt 0.274600 -0.142310
vt 0.327970 -0.128280
vt 0.379110 -0.113790
vt 0.379110 -0.097140
vt 0.379110 -0.097140
vt 0.327970 -0.111640
vt 0.327970 -0.128280
vt 0.379110 -0.113790
vt 0.431070 -0.102830
vt 0.431070 -0.086310
vt 0.431070 -0.086310
vt 0.379110 -0.097140
vt 0.379110 -0.113790
vt 0.049970 -0.055890
vt 0.028890 -0.064630
vt 0.049970 -0.072890
vt 0.463020 -0.751970
vt 0.488480 -0.751970
vt 0.487130 -0.750170
vt 0.487130 -0.750170
vt 0.462680 -0.750170
vt 0.463020 -0.751970
vt 0.520850 -0.740500
vt 0.517530 -0.740500
vt 0.517530 -0.743720
vt 0.520850 -0.743720
vt 0.520850 -0.740500
vt 0.517530 -0.743720
vt 0.469810 -0.732860
vt 0.462680 -0.750170
vt 0.487130 -0.750170
vt 0.487130 -0.750170
vt 0.494090 -0.732860
vt 0.469810 -0.732860
vt 0.497000 -0.730390
vt 0.470260 -0.730390
vt 0.469810 -0.732860
vt 0.469810 -0.732860
vt 0.494090 -0.732860
vt 0.497000 -0.730390
vt 0.469810 -0.732860
vt 0.494090 -0.732860
vt 0.487130 -0.750170
vt 0.487130 -0.750170
vt 0.462680 -0.750170
vt 0.469810 -0.732860
vt 0.488480 -0.751970
vt 0.497000 -0.730390
vt 0.494090 -0.732860
vt 0.494090 -0.732860
vt 0.487130 -0.750170
vt 0.488480 -0.751970
vt 0.520850 -0.737280
vt 0.571660 -0.737280
vt 0.571660 -0.734060
vt 0.571660 -0.734060
vt 0.520850 -0.734060
vt 0.520850 -0.737280
vt 0.520850 -0.740500
vt 0.571660 -0.740500
vt 0.571660 -0.737280
vt 0.571660 -0.737280
vt 0.520850 -0.737280
vt 0.520850 -0.740500
vt 0.520850 -0.743720
vt 0.571660 -0.743720
vt 0.571660 -0.740500
vt 0.571660 -0.740500
vt 0.520850 -0.740500
vt 0.520850 -0.743720
vt 0.520850 -0.746940
vt 0.571660 -0.746940
vt 0.571660 -0.743720
vt 0.571660 -0.743720
vt 0.520850 -0.743720
vt 0.520850 -0.746940
vt 0.574190 -0.740500
vt 0.571660 -0.740500
vt 0.571660 -0.743720
vt 0.571660 -0.743720
vt 0.574190 -0.743720
vt 0.574190 -0.740500
vt 0.431070 -0.369310
vt 0.431070 -0.400600
vt 0.482850 -0.400600
vt 0.482850 -0.400600
vt 0.482850 -0.369310
vt 0.431070 -0.369310
vt 0.431070 -0.269670
vt 0.431070 -0.343230
vt 0.482850 -0.333010
vt 0.482850 -0.333010
vt 0.482850 -0.271480
vt 0.431070 -0.269670
vt 0.482850 -0.369310
vt 0.482850 -0.400600
vt 0.534940 -0.400600
vt 0.534940 -0.400600
vt 0.534940 -0.369310
vt 0.482850 -0.369310
vt 0.482850 -0.271480
vt 0.482850 -0.333010
vt 0.530330 -0.327430
vt 0.530330 -0.327430
vt 0.530330 -0.271880
vt 0.482850 -0.271480
vt 0.534940 -0.369310
vt 0.534940 -0.400600
vt 0.586560 -0.400600
vt 0.586560 -0.400600
vt 0.586560 -0.369310
vt 0.534940 -0.369310
vt 0.530330 -0.271880
vt 0.530330 -0.327430
vt 0.577350 -0.322960
vt 0.577350 -0.322960
vt 0.577350 -0.271380
vt 0.530330 -0.271880
vt 0.627890 -0.400600
vt 0.707090 -0.400600
vt 0.707090 -0.369310
vt 0.707090 -0.369310
vt 0.627890 -0.369310
vt 0.627890 -0.400600
vt 0.627890 -0.268040
vt 0.627890 -0.320100
vt 0.707090 -0.315960
vt 0.707090 -0.315960
vt 0.707090 -0.268130
vt 0.627890 -0.268040
vt 0.146950 -0.629970
vt 0.226140 -0.629970
vt 0.226140 -0.571390
vt 0.226140 -0.571390
vt 0.146950 -0.569600
vt 0.146950 -0.629970
vt 0.822020 -0.400600
vt 0.868660 -0.400600
vt 0.868660 -0.369310
vt 0.868660 -0.369310
vt 0.822020 -0.369310
vt 0.822020 -0.400600
vt 0.822020 -0.274490
vt 0.868660 -0.275310
vt 0.868660 -0.266390
vt 0.868660 -0.266390
vt 0.822020 -0.264140
vt 0.822020 -0.274490
vt 0.822020 -0.306020
vt 0.868660 -0.291160
vt 0.868660 -0.275310
vt 0.868660 -0.275310
vt 0.822020 -0.274490
vt 0.822020 -0.306020
vt 0.868660 -0.400600
vt 0.905520 -0.400600
vt 0.905520 -0.369310
vt 0.905520 -0.369310
vt 0.868660 -0.369310
vt 0.868660 -0.400600
vt 0.868660 -0.291160
vt 0.907340 -0.272930
vt 0.905520 -0.269010
vt 0.905520 -0.269010
vt 0.868660 -0.275310
vt 0.868660 -0.291160
vt 0.305330 -0.559640
vt 0.226140 -0.556040
vt 0.226140 -0.571390
vt 0.226140 -0.571390
vt 0.305330 -0.574980
vt 0.305330 -0.559640
vt 0.305330 -0.539410
vt 0.226140 -0.537610
vt 0.226140 -0.556040
vt 0.226140 -0.556040
vt 0.305330 -0.559640
vt 0.305330 -0.539410
vt 0.305330 -0.519500
vt 0.226140 -0.519500
vt 0.226140 -0.537610
vt 0.226140 -0.537610
vt 0.305330 -0.539410
vt 0.305330 -0.519500
vt 0.341070 -0.519500
vt 0.341070 -0.542960
vt 0.388440 -0.545970
vt 0.388440 -0.545970
vt 0.388440 -0.519500
vt 0.341070 -0.519500
vt 0.341070 -0.542960
vt 0.341070 -0.564300
vt 0.391200 -0.578990
vt 0.391200 -0.578990
vt 0.388440 -0.545970
vt 0.341070 -0.542960
vt 0.341070 -0.564300
vt 0.341070 -0.579680
vt 0.395430 -0.589510
vt 0.395430 -0.589510
vt 0.391200 -0.578990
vt 0.341070 -0.564300
vt 0.341070 -0.579680
vt 0.387710 -0.602040
vt 0.395430 -0.589510
vt 0.406410 -0.606930
vt 0.401250 -0.599820
vt 0.387710 -0.602040
vt 0.627890 -0.369310
vt 0.586560 -0.369310
vt 0.586560 -0.400600
vt 0.586560 -0.400600
vt 0.627890 -0.400600
vt 0.627890 -0.369310
vt 0.627890 -0.268040
vt 0.577350 -0.271380
vt 0.577350 -0.322960
vt 0.577350 -0.322960
vt 0.627890 -0.320100
vt 0.627890 -0.268040
vt 0.341070 -0.585620
vt 0.341070 -0.579680
vt 0.305330 -0.574980
vt 0.822020 -0.369310
vt 0.786280 -0.369310
vt 0.786280 -0.400600
vt 0.786280 -0.400600
vt 0.822020 -0.400600
vt 0.822020 -0.369310
vt 0.822020 -0.274490
vt 0.786280 -0.272900
vt 0.786280 -0.311080
vt 0.786280 -0.311080
vt 0.822020 -0.306020
vt 0.822020 -0.274490
vt 0.822020 -0.264140
vt 0.786280 -0.264690
vt 0.786280 -0.272900
vt 0.786280 -0.272900
vt 0.822020 -0.274490
vt 0.822020 -0.264140
vt 0.341070 -0.564300
vt 0.305330 -0.559640
vt 0.305330 -0.574980
vt 0.305330 -0.574980
vt 0.341070 -0.579680
vt 0.341070 -0.564300
vt 0.341070 -0.542960
vt 0.305330 -0.539410
vt 0.305330 -0.559640
vt 0.305330 -0.559640
vt 0.341070 -0.564300
vt 0.341070 -0.542960
vt 0.341070 -0.519500
vt 0.305330 -0.519500
vt 0.305330 -0.539410
vt 0.305330 -0.539410
vt 0.341070 -0.542960
vt 0.341070 -0.519500
vt 0.909440 -0.354760
vt 0.909440 -0.369310
vt 0.957860 -0.365330
vt 0.387710 -0.602040
vt 0.401250 -0.599820
vt 0.395430 -0.589510
vt 0.905520 -0.269010
vt 0.868660 -0.266390
vt 0.868660 -0.275310
vt 0.387710 -0.602040
vt 0.341070 -0.585620
vt 0.341070 -0.626470
vt 0.341070 -0.626470
vt 0.387710 -0.628500
vt 0.387710 -0.602040
vt 0.341070 -0.585620
vt 0.305330 -0.574980
vt 0.305330 -0.627140
vt 0.305330 -0.627140
vt 0.341070 -0.626470
vt 0.341070 -0.585620
vt 0.341070 -0.579680
vt 0.341070 -0.585620
vt 0.387710 -0.602040
vt 0.984380 -0.365330
vt 0.957860 -0.365330
vt 0.957860 -0.373840
vt 0.957860 -0.373840
vt 0.982620 -0.373840
vt 0.984380 -0.365330
vt 0.980060 -0.388330
vt 0.993840 -0.392010
vt 0.984380 -0.365330
vt 0.984380 -0.365330
vt 0.982620 -0.373840
vt 0.980060 -0.388330
vt 0.957860 -0.373840
vt 0.957960 -0.388330
vt 0.980060 -0.388330
vt 0.980060 -0.388330
vt 0.982620 -0.373840
vt 0.957860 -0.373840
vt 0.957960 -0.388330
vt 0.957860 -0.411200
vt 0.979690 -0.411200
vt 0.979690 -0.411200
vt 0.980060 -0.388330
vt 0.957960 -0.388330
vt 0.980060 -0.388330
vt 0.988720 -0.401710
vt 0.993840 -0.392010
vt 0.786280 -0.400600
vt 0.786280 -0.369310
vt 0.707090 -0.369310
vt 0.707090 -0.369310
vt 0.707090 -0.400600
vt 0.786280 -0.400600
vt 0.786280 -0.311080
vt 0.786280 -0.272900
vt 0.707090 -0.268130
vt 0.707090 -0.268130
vt 0.707090 -0.315960
vt 0.786280 -0.311080
vt 0.226140 -0.629970
vt 0.305330 -0.627140
vt 0.305330 -0.574980
vt 0.305330 -0.574980
vt 0.226140 -0.571390
vt 0.226140 -0.629970
vt 0.226140 -0.556040
vt 0.146950 -0.554250
vt 0.146950 -0.569600
vt 0.146950 -0.569600
vt 0.226140 -0.571390
vt 0.226140 -0.556040
vt 0.226140 -0.537610
vt 0.146950 -0.536720
vt 0.146950 -0.554250
vt 0.146950 -0.554250
vt 0.226140 -0.556040
vt 0.226140 -0.537610
vt 0.146950 -0.519500
vt 0.146950 -0.536720
vt 0.226140 -0.537610
vt 0.226140 -0.537610
vt 0.226140 -0.519500
vt 0.146950 -0.519500
vt 0.707090 -0.268130
vt 0.786280 -0.272900
vt 0.786280 -0.264690
vt 0.739040 -0.169910
vt 0.647920 -0.179260
vt 0.648290 -0.188700
vt 0.648290 -0.188700
vt 0.644360 -0.199550
vt 0.739040 -0.169910
vt 0.680830 -0.126330
vt 0.670750 -0.148310
vt 0.739040 -0.169910
vt 0.670750 -0.148310
vt 0.666070 -0.155840
vt 0.739040 -0.169910
vt 0.666070 -0.155840
vt 0.658860 -0.164600
vt 0.739040 -0.169910
vt 0.658860 -0.164600
vt 0.650720 -0.172650
vt 0.739040 -0.169910
vt 0.650720 -0.172650
vt 0.647920 -0.179260
vt 0.739040 -0.169910
vt 0.431070 -0.354760
vt 0.431070 -0.369310
vt 0.482850 -0.369310
vt 0.482850 -0.369310
vt 0.482850 -0.354760
vt 0.431070 -0.354760
vt 0.482850 -0.354760
vt 0.482850 -0.369310
vt 0.534940 -0.369310
vt 0.534940 -0.369310
vt 0.534940 -0.354760
vt 0.482850 -0.354760
vt 0.534940 -0.354760
vt 0.534940 -0.369310
vt 0.586560 -0.369310
vt 0.586560 -0.369310
vt 0.586560 -0.354760
vt 0.534940 -0.354760
vt 0.627890 -0.354760
vt 0.627890 -0.369310
vt 0.707090 -0.369310
vt 0.707090 -0.369310
vt 0.707090 -0.354760
vt 0.627890 -0.354760
vt 0.822020 -0.354760
vt 0.822020 -0.369310
vt 0.868660 -0.369310
vt 0.868660 -0.369310
vt 0.868660 -0.354760
vt 0.822020 -0.354760
vt 0.868660 -0.354760
vt 0.868660 -0.369310
vt 0.905520 -0.369310
vt 0.905520 -0.369310
vt 0.905520 -0.354760
vt 0.868660 -0.354760
vt 0.627890 -0.369310
vt 0.627890 -0.354760
vt 0.586560 -0.354760
vt 0.586560 -0.354760
vt 0.586560 -0.369310
vt 0.627890 -0.369310
vt 0.786280 -0.354760
vt 0.786280 -0.369310
vt 0.822020 -0.369310
vt 0.822020 -0.369310
vt 0.822020 -0.354760
vt 0.786280 -0.354760
vt 0.707090 -0.354760
vt 0.707090 -0.369310
vt 0.786280 -0.369310
vt 0.786280 -0.369310
vt 0.786280 -0.354760
vt 0.707090 -0.354760
vt 0.925080 -0.399950
vt 0.957960 -0.388330
vt 0.957860 -0.373840
vt 0.957860 -0.373840
vt 0.957860 -0.365330
vt 0.909440 -0.369310
vt 0.925080 -0.399950
vt 0.957860 -0.373840
vt 0.909440 -0.369310
vt 0.925080 -0.399950
vt 0.909440 -0.369310
vt 0.909440 -0.400600
vt 0.905520 -0.400600
vt 0.909440 -0.400600
vt 0.909440 -0.369310
vt 0.909440 -0.369310
vt 0.905520 -0.369310
vt 0.905520 -0.400600
vt 0.909440 -0.354760
vt 0.905520 -0.354760
vt 0.905520 -0.369310
vt 0.905520 -0.369310
vt 0.909440 -0.369310
vt 0.909440 -0.354760
vt 0.980060 -0.388330
vt 0.979690 -0.411200
vt 0.988720 -0.401710
vt 0.431070 -0.369310
vt 0.482850 -0.369310
vt 0.482850 -0.400600
vt 0.482850 -0.400600
vt 0.431070 -0.400600
vt 0.431070 -0.369310
vt 0.431070 -0.086310
vt 0.482850 -0.084500
vt 0.482850 -0.022960
vt 0.482850 -0.022960
vt 0.431070 -0.012740
vt 0.431070 -0.086310
vt 0.482850 -0.369310
vt 0.534940 -0.369310
vt 0.534940 -0.400600
vt 0.534940 -0.400600
vt 0.482850 -0.400600
vt 0.482850 -0.369310
vt 0.482850 -0.084500
vt 0.530330 -0.084090
vt 0.530330 -0.028550
vt 0.530330 -0.028550
vt 0.482850 -0.022960
vt 0.482850 -0.084500
vt 0.534940 -0.369310
vt 0.586560 -0.369310
vt 0.586560 -0.400600
vt 0.586560 -0.400600
vt 0.534940 -0.400600
vt 0.534940 -0.369310
vt 0.530330 -0.084090
vt 0.577350 -0.084600
vt 0.577350 -0.033020
vt 0.577350 -0.033020
vt 0.530330 -0.028550
vt 0.530330 -0.084090
vt 0.627890 -0.400600
vt 0.627890 -0.369310
vt 0.707090 -0.369310
vt 0.707090 -0.369310
vt 0.707090 -0.400600
vt 0.627890 -0.400600
vt 0.627890 -0.087940
vt 0.707090 -0.087840
vt 0.707090 -0.040020
vt 0.707090 -0.040020
vt 0.627890 -0.035880
vt 0.627890 -0.087940
vt 0.146950 -0.409030
vt 0.146950 -0.469410
vt 0.226140 -0.467620
vt 0.226140 -0.467620
vt 0.226140 -0.409030
vt 0.146950 -0.409030
vt 0.822020 -0.400600
vt 0.822020 -0.369310
vt 0.868660 -0.369310
vt 0.868660 -0.369310
vt 0.868660 -0.400600
vt 0.822020 -0.400600
vt 0.822020 -0.081480
vt 0.822020 -0.091840
vt 0.868660 -0.089590
vt 0.868660 -0.089590
vt 0.868660 -0.080670
vt 0.822020 -0.081480
vt 0.822020 -0.049950
vt 0.822020 -0.081480
vt 0.868660 -0.080670
vt 0.868660 -0.080670
vt 0.868660 -0.064820
vt 0.822020 -0.049950
vt 0.868660 -0.400600
vt 0.868660 -0.369310
vt 0.905520 -0.369310
vt 0.905520 -0.369310
vt 0.905520 -0.400600
vt 0.868660 -0.400600
vt 0.868660 -0.064820
vt 0.868660 -0.080670
vt 0.905520 -0.086970
vt 0.905520 -0.086970
vt 0.907340 -0.083050
vt 0.868660 -0.064820
vt 0.305330 -0.479370
vt 0.305330 -0.464020
vt 0.226140 -0.467620
vt 0.226140 -0.467620
vt 0.226140 -0.482970
vt 0.305330 -0.479370
vt 0.305330 -0.499600
vt 0.305330 -0.479370
vt 0.226140 -0.482970
vt 0.226140 -0.482970
vt 0.226140 -0.501400
vt 0.305330 -0.499600
vt 0.305330 -0.519500
vt 0.305330 -0.499600
vt 0.226140 -0.501400
vt 0.226140 -0.501400
vt 0.226140 -0.519500
vt 0.305330 -0.519500
vt 0.341070 -0.519500
vt 0.388440 -0.519500
vt 0.388440 -0.493040
vt 0.388440 -0.493040
vt 0.341070 -0.496040
vt 0.341070 -0.519500
vt 0.341070 -0.496040
vt 0.388440 -0.493040
vt 0.391200 -0.460020
vt 0.391200 -0.460020
vt 0.341070 -0.474700
vt 0.341070 -0.496040
vt 0.341070 -0.474700
vt 0.391200 -0.460020
vt 0.395430 -0.449500
vt 0.395430 -0.449500
vt 0.341070 -0.459320
vt 0.341070 -0.474700
vt 0.341070 -0.459320
vt 0.395430 -0.449500
vt 0.387710 -0.436970
vt 0.406410 -0.432070
vt 0.387710 -0.436970
vt 0.401250 -0.439190
vt 0.627890 -0.369310
vt 0.627890 -0.400600
vt 0.586560 -0.400600
vt 0.586560 -0.400600
vt 0.586560 -0.369310
vt 0.627890 -0.369310
vt 0.627890 -0.087940
vt 0.627890 -0.035880
vt 0.577350 -0.033020
vt 0.577350 -0.033020
vt 0.577350 -0.084600
vt 0.627890 -0.087940
vt 0.341070 -0.453380
vt 0.305330 -0.464020
vt 0.341070 -0.459320
vt 0.822020 -0.369310
vt 0.822020 -0.400600
vt 0.786280 -0.400600
vt 0.786280 -0.400600
vt 0.786280 -0.369310
vt 0.822020 -0.369310
vt 0.822020 -0.081480
vt 0.822020 -0.049950
vt 0.786280 -0.044900
vt 0.786280 -0.044900
vt 0.786280 -0.083080
vt 0.822020 -0.081480
vt 0.822020 -0.091840
vt 0.822020 -0.081480
vt 0.786280 -0.083080
vt 0.786280 -0.083080
vt 0.786280 -0.091280
vt 0.822020 -0.091840
vt 0.341070 -0.474700
vt 0.341070 -0.459320
vt 0.305330 -0.464020
vt 0.305330 -0.464020
vt 0.305330 -0.479370
vt 0.341070 -0.474700
vt 0.341070 -0.496040
vt 0.341070 -0.474700
vt 0.305330 -0.479370
vt 0.305330 -0.479370
vt 0.305330 -0.499600
vt 0.341070 -0.496040
vt 0.341070 -0.519500
vt 0.341070 -0.496040
vt 0.305330 -0.499600
vt 0.305330 -0.499600
vt 0.305330 -0.519500
vt 0.341070 -0.519500
vt 0.909440 -0.354760
vt 0.957860 -0.365330
vt 0.909440 -0.369310
vt 0.387710 -0.436970
vt 0.395430 -0.449500
vt 0.401250 -0.439190
vt 0.905520 -0.086970
vt 0.868660 -0.080670
vt 0.868660 -0.089590
vt 0.387710 -0.436970
vt 0.387710 -0.410510
vt 0.341070 -0.412540
vt 0.341070 -0.412540
vt 0.341070 -0.453380
vt 0.387710 -0.436970
vt 0.341070 -0.453380
vt 0.341070 -0.412540
vt 0.305330 -0.411870
vt 0.305330 -0.411870
vt 0.305330 -0.464020
vt 0.341070 -0.453380
vt 0.341070 -0.459320
vt 0.387710 -0.436970
vt 0.341070 -0.453380
vt 0.984380 -0.365330
vt 0.982620 -0.373840
vt 0.957860 -0.373840
vt 0.957860 -0.373840
vt 0.957860 -0.365330
vt 0.984380 -0.365330
vt 0.980060 -0.388330
vt 0.982620 -0.373840
vt 0.984380 -0.365330
vt 0.984380 -0.365330
vt 0.993840 -0.392010
vt 0.980060 -0.388330
vt 0.957860 -0.373840
vt 0.982620 -0.373840
vt 0.980060 -0.388330
vt 0.980060 -0.388330
vt 0.957960 -0.388330
vt 0.957860 -0.373840
vt 0.957960 -0.388330
vt 0.980060 -0.388330
vt 0.979690 -0.411200
vt 0.979690 -0.411200
vt 0.957860 -0.411200
vt 0.957960 -0.388330
vt 0.980060 -0.388330
vt 0.993840 -0.392010
vt 0.988720 -0.401710
vt 0.786280 -0.400600
vt 0.707090 -0.400600
vt 0.707090 -0.369310
vt 0.707090 -0.369310
vt 0.786280 -0.369310
vt 0.786280 -0.400600
vt 0.786280 -0.044900
vt 0.707090 -0.040020
vt 0.707090 -0.087840
vt 0.707090 -0.087840
vt 0.786280 -0.083080
vt 0.786280 -0.044900
vt 0.226140 -0.409030
vt 0.226140 -0.467620
vt 0.305330 -0.464020
vt 0.305330 -0.464020
vt 0.305330 -0.411870
vt 0.226140 -0.409030
vt 0.226140 -0.482970
vt 0.226140 -0.467620
vt 0.146950 -0.469410
vt 0.146950 -0.469410
vt 0.146950 -0.484760
vt 0.226140 -0.482970
vt 0.226140 -0.501400
vt 0.226140 -0.482970
vt 0.146950 -0.484760
vt 0.146950 -0.484760
vt 0.146950 -0.502290
vt 0.226140 -0.501400
vt 0.146950 -0.519500
vt 0.226140 -0.519500
vt 0.226140 -0.501400
vt 0.226140 -0.501400
vt 0.146950 -0.502290
vt 0.146950 -0.519500
vt 0.707090 -0.087840
vt 0.786280 -0.091280
vt 0.786280 -0.083080
vt 0.739040 -0.169910
vt 0.644360 -0.199550
vt 0.648290 -0.188700
vt 0.648290 -0.188700
vt 0.647920 -0.179260
vt 0.739040 -0.169910
vt 0.680830 -0.126330
vt 0.739040 -0.169910
vt 0.670750 -0.148310
vt 0.670750 -0.148310
vt 0.739040 -0.169910
vt 0.666070 -0.155840
vt 0.666070 -0.155840
vt 0.739040 -0.169910
vt 0.658860 -0.164600
vt 0.658860 -0.164600
vt 0.739040 -0.169910
vt 0.650720 -0.172650
vt 0.650720 -0.172650
vt 0.739040 -0.169910
vt 0.647920 -0.179260
vt 0.431070 -0.354760
vt 0.482850 -0.354760
vt 0.482850 -0.369310
vt 0.482850 -0.369310
vt 0.431070 -0.369310
vt 0.431070 -0.354760
vt 0.482850 -0.354760
vt 0.534940 -0.354760
vt 0.534940 -0.369310
vt 0.534940 -0.369310
vt 0.482850 -0.369310
vt 0.482850 -0.354760
vt 0.534940 -0.354760
vt 0.586560 -0.354760
vt 0.586560 -0.369310
vt 0.586560 -0.369310
vt 0.534940 -0.369310
vt 0.534940 -0.354760
vt 0.627890 -0.354760
vt 0.707090 -0.354760
vt 0.707090 -0.369310
vt 0.707090 -0.369310
vt 0.627890 -0.369310
vt 0.627890 -0.354760
vt 0.822020 -0.354760
vt 0.868660 -0.354760
vt 0.868660 -0.369310
vt 0.868660 -0.369310
vt 0.822020 -0.369310
vt 0.822020 -0.354760
vt 0.868660 -0.354760
vt 0.905520 -0.354760
vt 0.905520 -0.369310
vt 0.905520 -0.369310
vt 0.868660 -0.369310
vt 0.868660 -0.354760
vt 0.627890 -0.369310
vt 0.586560 -0.369310
vt 0.586560 -0.354760
vt 0.586560 -0.354760
vt 0.627890 -0.354760
vt 0.627890 -0.369310
vt 0.786280 -0.354760
vt 0.822020 -0.354760
vt 0.822020 -0.369310
vt 0.822020 -0.369310
vt 0.786280 -0.369310
vt 0.786280 -0.354760
vt 0.707090 -0.354760
vt 0.786280 -0.354760
vt 0.786280 -0.369310
vt 0.786280 -0.369310
vt 0.707090 -0.369310
vt 0.707090 -0.354760
vt 0.957860 -0.373840
vt 0.957960 -0.388330
vt 0.925080 -0.399950
vt 0.925080 -0.399950
vt 0.909440 -0.400600
vt 0.909440 -0.369310
vt 0.957860 -0.373840
vt 0.925080 -0.399950
vt 0.909440 -0.369310
vt 0.957860 -0.373840
vt 0.909440 -0.369310
vt 0.957860 -0.365330
vt 0.905520 -0.400600
vt 0.905520 -0.369310
vt 0.909440 -0.369310
vt 0.909440 -0.369310
vt 0.909440 -0.400600
vt 0.905520 -0.400600
vt 0.909440 -0.354760
vt 0.909440 -0.369310
vt 0.905520 -0.369310
vt 0.905520 -0.369310
vt 0.905520 -0.354760
vt 0.909440 -0.354760
vt 0.980060 -0.388330
vt 0.988720 -0.401710
vt 0.979690 -0.411200
vt 0.512340 -0.250170
vt 0.512340 -0.230120
vt 0.482850 -0.228460
vt 0.512340 -0.250170
vt 0.482850 -0.228460
vt 0.482850 -0.255080
vt 0.512340 -0.250170
vt 0.482850 -0.255080
vt 0.521240 -0.257450
vt 0.028590 -0.532200
vt 0.028590 -0.507340
vt 0.007910 -0.518350
vt 0.007910 -0.518350
vt 0.009380 -0.532420
vt 0.028590 -0.532200
vt 0.105690 -0.626860
vt 0.105690 -0.574900
vt 0.066710 -0.582990
vt 0.066710 -0.582990
vt 0.066710 -0.620970
vt 0.105690 -0.626860
vt 0.542050 -0.258710
vt 0.577350 -0.271380
vt 0.577350 -0.264640
vt 0.521240 -0.257450
vt 0.542050 -0.258710
vt 0.512340 -0.250170
vt 0.036510 -0.616750
vt 0.066710 -0.620970
vt 0.066710 -0.582990
vt 0.066710 -0.582990
vt 0.036510 -0.591890
vt 0.036510 -0.616750
vt 0.066710 -0.554250
vt 0.066710 -0.569600
vt 0.105610 -0.569600
vt 0.105610 -0.569600
vt 0.105610 -0.554250
vt 0.066710 -0.554250
vt 0.066710 -0.536720
vt 0.066710 -0.554250
vt 0.105610 -0.554250
vt 0.105610 -0.554250
vt 0.105610 -0.536720
vt 0.066710 -0.536720
vt 0.066710 -0.519500
vt 0.066710 -0.536720
vt 0.105610 -0.536720
vt 0.105610 -0.536720
vt 0.105610 -0.519500
vt 0.066710 -0.519500
vt 0.024060 -0.617380
vt 0.036510 -0.591890
vt 0.006580 -0.601900
vt 0.006580 -0.601900
vt 0.010800 -0.620540
vt 0.024060 -0.617380
vt 0.036510 -0.591890
vt 0.007050 -0.590250
vt 0.006580 -0.601900
vt 0.036510 -0.582990
vt 0.036510 -0.569600
vt 0.020360 -0.566790
vt 0.020360 -0.566790
vt 0.011170 -0.582990
vt 0.036510 -0.582990
vt 0.036510 -0.569600
vt 0.036510 -0.554250
vt 0.028290 -0.552810
vt 0.028290 -0.552810
vt 0.020360 -0.566790
vt 0.036510 -0.569600
vt 0.036510 -0.554250
vt 0.036510 -0.536720
vt 0.034080 -0.536720
vt 0.034080 -0.536720
vt 0.028290 -0.552810
vt 0.036510 -0.554250
vt 0.036510 -0.536720
vt 0.036500 -0.519500
vt 0.034080 -0.536720
vt 0.036510 -0.569600
vt 0.036510 -0.582990
vt 0.066710 -0.582990
vt 0.066710 -0.582990
vt 0.066710 -0.569600
vt 0.036510 -0.569600
vt 0.036510 -0.554250
vt 0.036510 -0.569600
vt 0.066710 -0.569600
vt 0.066710 -0.569600
vt 0.066710 -0.554250
vt 0.036510 -0.554250
vt 0.036510 -0.536720
vt 0.036510 -0.554250
vt 0.066710 -0.554250
vt 0.066710 -0.554250
vt 0.066710 -0.536720
vt 0.036510 -0.536720
vt 0.036500 -0.519500
vt 0.036510 -0.536720
vt 0.066710 -0.536720
vt 0.066710 -0.536720
vt 0.066710 -0.519500
vt 0.036500 -0.519500
vt 0.066710 -0.582990
vt 0.036510 -0.582990
vt 0.036510 -0.591890
vt 0.066710 -0.582990
vt 0.105690 -0.574900
vt 0.105610 -0.569600
vt 0.105610 -0.569600
vt 0.066710 -0.569600
vt 0.066710 -0.582990
vt 0.036510 -0.582990
vt 0.011170 -0.582990
vt 0.007050 -0.590250
vt 0.007050 -0.590250
vt 0.036510 -0.591890
vt 0.036510 -0.582990
vt 0.577350 -0.271380
vt 0.627890 -0.268040
vt 0.577350 -0.264640
vt 0.146950 -0.569600
vt 0.105610 -0.569600
vt 0.105690 -0.574900
vt 0.105690 -0.626860
vt 0.146950 -0.629970
vt 0.146950 -0.569600
vt 0.146950 -0.569600
vt 0.105690 -0.574900
vt 0.105690 -0.626860
vt 0.146950 -0.569600
vt 0.146950 -0.554250
vt 0.105610 -0.554250
vt 0.105610 -0.554250
vt 0.105610 -0.569600
vt 0.146950 -0.569600
vt 0.146950 -0.536720
vt 0.105610 -0.536720
vt 0.105610 -0.554250
vt 0.105610 -0.554250
vt 0.146950 -0.554250
vt 0.146950 -0.536720
vt 0.146950 -0.519500
vt 0.105610 -0.519500
vt 0.105610 -0.536720
vt 0.105610 -0.536720
vt 0.146950 -0.536720
vt 0.146950 -0.519500
vt 0.024060 -0.617380
vt 0.030710 -0.615790
vt 0.036510 -0.591890
vt 0.547470 -0.208110
vt 0.536890 -0.190540
vt 0.632030 -0.169360
vt 0.536890 -0.190540
vt 0.540960 -0.179080
vt 0.632030 -0.169360
vt 0.540960 -0.179080
vt 0.546680 -0.171810
vt 0.632030 -0.169360
vt 0.546680 -0.171810
vt 0.557940 -0.158610
vt 0.632030 -0.169360
vt 0.557940 -0.158610
vt 0.569950 -0.147240
vt 0.632030 -0.169360
vt 0.569950 -0.147240
vt 0.570530 -0.138770
vt 0.632030 -0.169360
vt 0.570530 -0.138770
vt 0.585010 -0.126250
vt 0.632030 -0.169360
vt 0.530330 -0.271880
vt 0.542050 -0.258710
vt 0.521240 -0.257450
vt 0.482850 -0.255080
vt 0.482850 -0.271480
vt 0.530330 -0.271880
vt 0.530330 -0.271880
vt 0.521240 -0.257450
vt 0.482850 -0.255080
vt 0.530330 -0.271880
vt 0.577350 -0.271380
vt 0.542050 -0.258710
vt 0.512340 -0.105810
vt 0.521240 -0.098520
vt 0.482850 -0.100890
vt 0.512340 -0.105810
vt 0.482850 -0.100890
vt 0.482850 -0.127520
vt 0.512340 -0.105810
vt 0.482850 -0.127520
vt 0.512340 -0.125850
vt 0.028590 -0.532200
vt 0.009380 -0.532420
vt 0.007910 -0.518350
vt 0.007910 -0.518350
vt 0.028590 -0.507340
vt 0.028590 -0.532200
vt 0.105690 -0.412140
vt 0.066710 -0.418040
vt 0.066710 -0.456020
vt 0.066710 -0.456020
vt 0.105690 -0.464100
vt 0.105690 -0.412140
vt 0.542050 -0.097270
vt 0.577350 -0.091330
vt 0.577350 -0.084600
vt 0.521240 -0.098520
vt 0.512340 -0.105810
vt 0.542050 -0.097270
vt 0.036510 -0.422250
vt 0.036510 -0.447120
vt 0.066710 -0.456020
vt 0.066710 -0.456020
vt 0.066710 -0.418040
vt 0.036510 -0.422250
vt 0.066710 -0.484760
vt 0.105610 -0.484760
vt 0.105610 -0.469410
vt 0.105610 -0.469410
vt 0.066710 -0.469410
vt 0.066710 -0.484760
vt 0.066710 -0.502290
vt 0.105610 -0.502290
vt 0.105610 -0.484760
vt 0.105610 -0.484760
vt 0.066710 -0.484760
vt 0.066710 -0.502290
vt 0.066710 -0.519500
vt 0.105610 -0.519500
vt 0.105610 -0.502290
vt 0.105610 -0.502290
vt 0.066710 -0.502290
vt 0.066710 -0.519500
vt 0.024060 -0.421630
vt 0.010800 -0.418470
vt 0.006580 -0.437110
vt 0.006580 -0.437110
vt 0.036510 -0.447120
vt 0.024060 -0.421630
vt 0.036510 -0.447120
vt 0.006580 -0.437110
vt 0.007050 -0.448760
vt 0.036510 -0.456020
vt 0.011170 -0.456020
vt 0.020360 -0.472220
vt 0.020360 -0.472220
vt 0.036510 -0.469410
vt 0.036510 -0.456020
vt 0.036510 -0.469410
vt 0.020360 -0.472220
vt 0.028290 -0.486200
vt 0.028290 -0.486200
vt 0.036510 -0.484760
vt 0.036510 -0.469410
vt 0.036510 -0.484760
vt 0.028290 -0.486200
vt 0.034080 -0.502290
vt 0.034080 -0.502290
vt 0.036510 -0.502290
vt 0.036510 -0.484760
vt 0.036510 -0.502290
vt 0.034080 -0.502290
vt 0.036500 -0.519500
vt 0.036510 -0.469410
vt 0.066710 -0.469410
vt 0.066710 -0.456020
vt 0.066710 -0.456020
vt 0.036510 -0.456020
vt 0.036510 -0.469410
vt 0.036510 -0.484760
vt 0.066710 -0.484760
vt 0.066710 -0.469410
vt 0.066710 -0.469410
vt 0.036510 -0.469410
vt 0.036510 -0.484760
vt 0.036510 -0.502290
vt 0.066710 -0.502290
vt 0.066710 -0.484760
vt 0.066710 -0.484760
vt 0.036510 -0.484760
vt 0.036510 -0.502290
vt 0.036500 -0.519500
vt 0.066710 -0.519500
vt 0.066710 -0.502290
vt 0.066710 -0.502290
vt 0.036510 -0.502290
vt 0.036500 -0.519500
vt 0.066710 -0.456020
vt 0.036510 -0.447120
vt 0.036510 -0.456020
vt 0.066710 -0.456020
vt 0.066710 -0.469410
vt 0.105610 -0.469410
vt 0.105610 -0.469410
vt 0.105690 -0.464100
vt 0.066710 -0.456020
vt 0.036510 -0.456020
vt 0.036510 -0.447120
vt 0.007050 -0.448760
vt 0.007050 -0.448760
vt 0.011170 -0.456020
vt 0.036510 -0.456020
vt 0.577350 -0.084600
vt 0.577350 -0.091330
vt 0.627890 -0.087940
vt 0.146950 -0.469410
vt 0.105690 -0.464100
vt 0.105610 -0.469410
vt 0.105690 -0.412140
vt 0.105690 -0.464100
vt 0.146950 -0.469410
vt 0.146950 -0.469410
vt 0.146950 -0.409030
vt 0.105690 -0.412140
vt 0.146950 -0.469410
vt 0.105610 -0.469410
vt 0.105610 -0.484760
vt 0.105610 -0.484760
vt 0.146950 -0.484760
vt 0.146950 -0.469410
vt 0.146950 -0.502290
vt 0.146950 -0.484760
vt 0.105610 -0.484760
vt 0.105610 -0.484760
vt 0.105610 -0.502290
vt 0.146950 -0.502290
vt 0.146950 -0.519500
vt 0.146950 -0.502290
vt 0.105610 -0.502290
vt 0.105610 -0.502290
vt 0.105610 -0.519500
vt 0.146950 -0.519500
vt 0.024060 -0.421630
vt 0.036510 -0.447120
vt 0.030710 -0.423220
vt 0.547470 -0.208110
vt 0.632030 -0.169360
vt 0.536890 -0.190540
vt 0.536890 -0.190540
vt 0.632030 -0.169360
vt 0.540960 -0.179080
vt 0.540960 -0.179080
vt 0.632030 -0.169360
vt 0.546680 -0.171810
vt 0.546680 -0.171810
vt 0.632030 -0.169360
vt 0.557940 -0.158610
vt 0.557940 -0.158610
vt 0.632030 -0.169360
vt 0.569950 -0.147240
vt 0.569950 -0.147240
vt 0.632030 -0.169360
vt 0.570530 -0.138770
vt 0.570530 -0.138770
vt 0.632030 -0.169360
vt 0.585010 -0.126250
vt 0.530330 -0.084090
vt 0.521240 -0.098520
vt 0.542050 -0.097270
vt 0.482850 -0.100890
vt 0.521240 -0.098520
vt 0.530330 -0.084090
vt 0.530330 -0.084090
vt 0.482850 -0.084500
vt 0.482850 -0.100890
vt 0.530330 -0.084090
vt 0.542050 -0.097270
vt 0.577350 -0.084600
vt 0.146700 -0.569500
vt 0.146700 -0.628570
vt 0.111500 -0.628570
vt 0.111500 -0.628570
vt 0.111500 -0.569500
vt 0.146700 -0.569500
vt 0.146700 -0.569500
vt 0.111500 -0.569500
vt 0.111500 -0.554360
vt 0.111500 -0.554360
vt 0.146700 -0.554360
vt 0.146700 -0.569500
vt 0.146700 -0.554360
vt 0.111500 -0.554360
vt 0.111500 -0.537570
vt 0.111500 -0.537570
vt 0.146700 -0.537570
vt 0.146700 -0.554360
vt 0.146700 -0.537570
vt 0.111500 -0.537570
vt 0.111500 -0.519290
vt 0.111500 -0.519290
vt 0.146700 -0.519290
vt 0.146700 -0.537570
vt 0.146700 -0.501020
vt 0.146700 -0.519290
vt 0.111500 -0.519290
vt 0.111500 -0.519290
vt 0.111500 -0.501020
vt 0.146700 -0.501020
vt 0.146700 -0.484290
vt 0.146700 -0.501020
vt 0.111500 -0.501020
vt 0.111500 -0.501020
vt 0.111500 -0.484290
vt 0.146700 -0.484290
vt 0.146700 -0.469210
vt 0.146700 -0.484290
vt 0.111500 -0.484290
vt 0.111500 -0.484290
vt 0.111500 -0.469210
vt 0.146700 -0.469210
vt 0.146700 -0.469210
vt 0.111500 -0.469210
vt 0.111500 -0.410420
vt 0.111500 -0.410420
vt 0.146700 -0.410420
vt 0.146700 -0.469210
vt 0.144930 -0.214010
vt 0.144930 -0.230450
vt 0.176870 -0.223450
vt 0.653550 -0.441300
vt 0.623420 -0.446790
vt 0.623420 -0.430410
vt 0.623420 -0.430410
vt 0.674250 -0.437530
vt 0.653550 -0.441300
vt 0.651960 -0.441450
vt 0.674250 -0.437390
vt 0.623420 -0.430280
vt 0.623420 -0.430280
vt 0.623420 -0.446660
vt 0.651960 -0.441450
vt 0.554100 -0.439120
vt 0.576520 -0.444020
vt 0.576520 -0.427600
vt 0.576520 -0.427600
vt 0.544580 -0.437040
vt 0.554100 -0.439120
vt 0.554850 -0.439420
vt 0.576520 -0.444150
vt 0.576520 -0.473200
vt 0.576520 -0.473200
vt 0.553070 -0.465160
vt 0.554850 -0.439420
vt 0.623420 -0.473200
vt 0.623420 -0.446790
vt 0.653550 -0.441300
vt 0.653550 -0.441300
vt 0.655520 -0.467910
vt 0.623420 -0.473200
vt 0.576520 -0.473200
vt 0.576520 -0.444020
vt 0.554100 -0.439120
vt 0.554100 -0.439120
vt 0.553070 -0.465020
vt 0.576520 -0.473200
vt 0.651960 -0.441450
vt 0.623420 -0.446660
vt 0.623420 -0.473200
vt 0.623420 -0.473200
vt 0.655520 -0.467780
vt 0.651960 -0.441450
vt 0.084240 -0.546740
vt 0.132920 -0.546740
vt 0.132920 -0.494410
vt 0.132920 -0.494410
vt 0.084240 -0.494410
vt 0.084240 -0.546740
vt 0.132920 -0.494410
vt 0.132920 -0.546740
vt 0.264550 -0.546740
vt 0.264550 -0.546740
vt 0.264550 -0.494410
vt 0.132920 -0.494410
vt 0.127560 -0.276130
vt 0.127560 -0.223800
vt 0.259190 -0.223800
vt 0.259190 -0.223800
vt 0.259190 -0.276130
vt 0.127560 -0.276130
vt 0.127560 -0.223800
vt 0.127560 -0.276130
vt 0.259190 -0.276130
vt 0.259190 -0.276130
vt 0.259190 -0.223800
vt 0.127560 -0.223800
vt 0.127560 -0.223800
vt 0.127560 -0.276130
vt 0.259190 -0.276130
vt 0.259190 -0.276130
vt 0.259190 -0.223800
vt 0.127560 -0.223800
vt 0.215410 -0.942560
vt 0.215410 -0.817830
vt 0.339620 -0.817830
vt 0.339620 -0.817830
vt 0.339620 -0.942560
vt 0.215410 -0.942560
vt 0.339620 -0.817830
vt 0.215410 -0.817830
vt 0.215410 -0.647930
vt 0.215410 -0.647930
vt 0.339620 -0.647930
vt 0.339620 -0.817830
vt 0.339620 -0.817830
vt 0.215410 -0.817830
vt 0.215410 -0.647930
vt 0.215410 -0.647930
vt 0.339620 -0.647930
vt 0.339620 -0.817830
vt 0.339620 -0.817830
vt 0.215410 -0.817830
vt 0.215410 -0.647930
vt 0.215410 -0.647930
vt 0.339620 -0.647930
vt 0.339620 -0.817830
vt 0.339620 -0.817830
vt 0.215410 -0.817830
vt 0.215410 -0.647930
vt 0.215410 -0.647930
vt 0.339620 -0.647930
vt 0.339620 -0.817830
vt 0.544220 -0.658940
vt 0.544220 -0.693670
vt 0.787130 -0.693670
vt 0.787130 -0.693670
vt 0.787130 -0.658940
vt 0.544220 -0.658940
vt 0.544220 -0.693670
vt 0.544220 -0.658940
vt 0.787130 -0.658940
vt 0.787130 -0.658940
vt 0.787130 -0.693670
vt 0.544220 -0.693670
vt 0.544220 -0.658940
vt 0.544220 -0.693670
vt 0.787130 -0.693670
vt 0.787130 -0.693670
vt 0.787130 -0.658940
vt 0.544220 -0.658940
vt 0.544220 -0.658940
vt 0.544220 -0.693670
vt 0.787130 -0.693670
vt 0.787130 -0.693670
vt 0.787130 -0.658940
vt 0.544220 -0.658940
vt 0.219000 -0.814720
vt 0.219000 -0.776080
vt 0.177900 -0.776080
vt 0.177900 -0.776080
vt 0.177900 -0.814720
vt 0.219000 -0.814720
vt 0.316860 -0.814720
vt 0.222750 -0.814720
vt 0.222750 -0.776080
vt 0.222750 -0.776080
vt 0.316860 -0.776080
vt 0.316860 -0.814720
vt 0.332230 -0.776080
vt 0.332230 -0.814720
vt 0.219000 -0.814720
vt 0.219000 -0.814720
vt 0.219000 -0.776080
vt 0.332230 -0.776080
vt 0.219000 -0.814720
vt 0.219000 -0.776080
vt 0.332230 -0.776080
vt 0.332230 -0.776080
vt 0.332230 -0.814720
vt 0.219000 -0.814720
vt 0.332230 -0.776080
vt 0.332230 -0.814720
vt 0.219000 -0.814720
vt 0.219000 -0.814720
vt 0.219000 -0.776080
vt 0.332230 -0.776080
vt 0.222750 -0.776080
vt 0.222750 -0.814720
vt 0.219000 -0.814720
vt 0.219000 -0.814720
vt 0.219000 -0.776080
vt 0.222750 -0.776080
vt 0.664920 -0.737650
vt 0.606060 -0.737650
vt 0.606060 -0.740260
vt 0.606060 -0.740260
vt 0.664920 -0.740260
vt 0.664920 -0.737650
vt 0.664920 -0.735140
vt 0.606060 -0.735140
vt 0.606060 -0.737650
vt 0.606060 -0.737650
vt 0.664920 -0.737650
vt 0.664920 -0.735140
vt 0.664920 -0.732740
vt 0.606060 -0.732740
vt 0.606060 -0.735140
vt 0.606060 -0.735140
vt 0.664920 -0.735140
vt 0.664920 -0.732740
vt 0.664920 -0.740260
vt 0.606060 -0.740260
vt 0.606060 -0.742760
vt 0.606060 -0.742760
vt 0.664920 -0.742760
vt 0.664920 -0.740260
vt 0.664920 -0.735140
vt 0.664920 -0.737650
vt 0.667560 -0.737650
vt 0.667460 -0.735140
vt 0.664920 -0.735140
vt 0.667560 -0.737650
vt 0.664920 -0.737650
vt 0.606060 -0.737650
vt 0.606060 -0.740260
vt 0.606060 -0.740260
vt 0.664920 -0.740260
vt 0.664920 -0.737650
vt 0.664920 -0.735140
vt 0.606060 -0.735140
vt 0.606060 -0.737650
vt 0.606060 -0.737650
vt 0.664920 -0.737650
vt 0.664920 -0.735140
vt 0.664920 -0.732740
vt 0.606060 -0.732740
vt 0.606060 -0.735140
vt 0.606060 -0.735140
vt 0.664920 -0.735140
vt 0.664920 -0.732740
vt 0.664920 -0.740260
vt 0.606060 -0.740260
vt 0.606060 -0.742760
vt 0.606060 -0.742760
vt 0.664920 -0.742760
vt 0.664920 -0.740260
vt 0.664920 -0.735140
vt 0.664920 -0.737650
vt 0.667560 -0.737650
vt 0.667460 -0.735140
vt 0.664920 -0.735140
vt 0.667560 -0.737650
vt 0.990360 -0.427660
vt 0.993970 -0.424810
vt 0.993940 -0.472160
vt 0.993940 -0.472160
vt 0.990640 -0.468740
vt 0.990360 -0.427660
vt 0.990360 -0.427660
vt 0.898400 -0.420710
vt 0.898330 -0.416650
vt 0.898330 -0.416650
vt 0.993970 -0.424810
vt 0.990360 -0.427660
vt 0.593080 -0.461840
vt 0.501350 -0.477320
vt 0.504730 -0.483080
vt 0.504730 -0.483080
vt 0.598480 -0.465290
vt 0.593080 -0.461840
vt 0.593080 -0.461840
vt 0.598480 -0.465290
vt 0.594500 -0.417240
vt 0.594500 -0.417240
vt 0.591180 -0.420800
vt 0.593080 -0.461840
vt 0.898400 -0.420710
vt 0.990360 -0.427660
vt 0.990640 -0.468740
vt 0.990640 -0.468740
vt 0.898200 -0.480640
vt 0.898400 -0.420710
vt 0.593080 -0.461840
vt 0.591180 -0.420800
vt 0.499180 -0.417470
vt 0.499180 -0.417470
vt 0.501350 -0.477320
vt 0.593080 -0.461840
vt 0.990640 -0.468740
vt 0.993940 -0.472160
vt 0.898530 -0.484800
vt 0.898530 -0.484800
vt 0.898200 -0.480640
vt 0.990640 -0.468740
vt 0.884130 -0.419630
vt 0.883950 -0.415430
vt 0.898330 -0.416650
vt 0.898330 -0.416650
vt 0.898400 -0.420710
vt 0.884130 -0.419630
vt 0.591180 -0.420800
vt 0.594500 -0.417240
vt 0.500040 -0.413400
vt 0.500040 -0.413400
vt 0.499180 -0.417470
vt 0.591180 -0.420800
vt 0.487060 -0.479730
vt 0.490630 -0.485760
vt 0.504730 -0.483080
vt 0.504730 -0.483080
vt 0.501350 -0.477320
vt 0.487060 -0.479730
vt 0.860960 -0.417880
vt 0.884130 -0.419630
vt 0.883860 -0.482480
vt 0.883860 -0.482480
vt 0.860570 -0.485480
vt 0.860960 -0.417880
vt 0.487060 -0.479730
vt 0.484850 -0.416950
vt 0.461570 -0.416110
vt 0.461570 -0.416110
vt 0.463850 -0.483650
vt 0.487060 -0.479730
vt 0.860570 -0.485480
vt 0.883860 -0.482480
vt 0.884180 -0.486710
vt 0.884180 -0.486710
vt 0.860890 -0.489790
vt 0.860570 -0.485480
vt 0.461570 -0.416110
vt 0.484850 -0.416950
vt 0.485830 -0.412820
vt 0.485830 -0.412820
vt 0.462770 -0.411890
vt 0.461570 -0.416110
vt 0.860960 -0.417880
vt 0.860600 -0.413430
vt 0.883950 -0.415430
vt 0.883950 -0.415430
vt 0.884130 -0.419630
vt 0.860960 -0.417880
vt 0.463850 -0.483650
vt 0.467740 -0.490110
vt 0.490630 -0.485760
vt 0.490630 -0.485760
vt 0.487060 -0.479730
vt 0.463850 -0.483650
vt 0.884130 -0.419630
vt 0.898400 -0.420710
vt 0.898200 -0.480640
vt 0.898200 -0.480640
vt 0.883860 -0.482480
vt 0.884130 -0.419630
vt 0.501350 -0.477320
vt 0.499180 -0.417470
vt 0.484850 -0.416950
vt 0.484850 -0.416950
vt 0.487060 -0.479730
vt 0.501350 -0.477320
vt 0.883860 -0.482480
vt 0.898200 -0.480640
vt 0.898530 -0.484800
vt 0.898530 -0.484800
vt 0.884180 -0.486710
vt 0.883860 -0.482480
vt 0.484850 -0.416950
vt 0.499180 -0.417470
vt 0.500040 -0.413400
vt 0.500040 -0.413400
vt 0.485830 -0.412820
vt 0.484850 -0.416950
vt 0.664920 -0.737650
vt 0.606060 -0.737650
vt 0.606060 -0.740260
vt 0.606060 -0.740260
vt 0.664920 -0.740260
vt 0.664920 -0.737650
vt 0.664920 -0.735140
vt 0.606060 -0.735140
vt 0.606060 -0.737650
vt 0.606060 -0.737650
vt 0.664920 -0.737650
vt 0.664920 -0.735140
vt 0.664920 -0.732740
vt 0.606060 -0.732740
vt 0.606060 -0.735140
vt 0.606060 -0.735140
vt 0.664920 -0.735140
vt 0.664920 -0.732740
vt 0.664920 -0.740260
vt 0.606060 -0.740260
vt 0.606060 -0.742760
vt 0.606060 -0.742760
vt 0.664920 -0.742760
vt 0.664920 -0.740260
vt 0.664920 -0.735140
vt 0.664920 -0.737650
vt 0.667560 -0.737650
vt 0.667460 -0.735140
vt 0.664920 -0.735140
vt 0.667560 -0.737650
vt 0.990360 -0.427660
vt 0.993970 -0.424810
vt 0.993940 -0.472160
vt 0.993940 -0.472160
vt 0.990640 -0.468740
vt 0.990360 -0.427660
vt 0.990360 -0.427660
vt 0.898400 -0.420710
vt 0.898330 -0.416650
vt 0.898330 -0.416650
vt 0.993970 -0.424810
vt 0.990360 -0.427660
vt 0.593080 -0.461840
vt 0.501350 -0.477320
vt 0.504730 -0.483080
vt 0.504730 -0.483080
vt 0.598480 -0.465290
vt 0.593080 -0.461840
vt 0.593080 -0.461840
vt 0.598480 -0.465290
vt 0.594500 -0.417240
vt 0.594500 -0.417240
vt 0.591180 -0.420800
vt 0.593080 -0.461840
vt 0.898400 -0.420710
vt 0.990360 -0.427660
vt 0.990640 -0.468740
vt 0.990640 -0.468740
vt 0.898200 -0.480640
vt 0.898400 -0.420710
vt 0.593080 -0.461840
vt 0.591180 -0.420800
vt 0.499180 -0.417470
vt 0.499180 -0.417470
vt 0.501350 -0.477320
vt 0.593080 -0.461840
vt 0.990640 -0.468740
vt 0.993940 -0.472160
vt 0.898530 -0.484800
vt 0.898530 -0.484800
vt 0.898200 -0.480640
vt 0.990640 -0.468740
vt 0.884130 -0.419630
vt 0.883950 -0.415430
vt 0.898330 -0.416650
vt 0.898330 -0.416650
vt 0.898400 -0.420710
vt 0.884130 -0.419630
vt 0.591180 -0.420800
vt 0.594500 -0.417240
vt 0.500040 -0.413400
vt 0.500040 -0.413400
vt 0.499180 -0.417470
vt 0.591180 -0.420800
vt 0.487060 -0.479730
vt 0.490630 -0.485760
vt 0.504730 -0.483080
vt 0.504730 -0.483080
vt 0.501350 -0.477320
vt 0.487060 -0.479730
vt 0.860960 -0.417880
vt 0.884130 -0.419630
vt 0.883860 -0.482480
vt 0.883860 -0.482480
vt 0.860570 -0.485480
vt 0.860960 -0.417880
vt 0.487060 -0.479730
vt 0.484850 -0.416950
vt 0.461570 -0.416110
vt 0.461570 -0.416110
vt 0.463850 -0.483650
vt 0.487060 -0.479730
vt 0.860570 -0.485480
vt 0.883860 -0.482480
vt 0.884180 -0.486710
vt 0.884180 -0.486710
vt 0.860890 -0.489790
vt 0.860570 -0.485480
vt 0.461570 -0.416110
vt 0.484850 -0.416950
vt 0.485830 -0.412820
vt 0.485830 -0.412820
vt 0.462770 -0.411890
vt 0.461570 -0.416110
vt 0.860960 -0.417880
vt 0.860600 -0.413430
vt 0.883950 -0.415430
vt 0.883950 -0.415430
vt 0.884130 -0.419630
vt 0.860960 -0.417880
vt 0.463850 -0.483650
vt 0.467740 -0.490110
vt 0.490630 -0.485760
vt 0.490630 -0.485760
vt 0.487060 -0.479730
vt 0.463850 -0.483650
vt 0.884130 -0.419630
vt 0.898400 -0.420710
vt 0.898200 -0.480640
vt 0.898200 -0.480640
vt 0.883860 -0.482480
vt 0.884130 -0.419630
vt 0.501350 -0.477320
vt 0.499180 -0.417470
vt 0.484850 -0.416950
vt 0.484850 -0.416950
vt 0.487060 -0.479730
vt 0.501350 -0.477320
vt 0.883860 -0.482480
vt 0.898200 -0.480640
vt 0.898530 -0.484800
vt 0.898530 -0.484800
vt 0.884180 -0.486710
vt 0.883860 -0.482480
vt 0.484850 -0.416950
vt 0.499180 -0.417470
vt 0.500040 -0.413400
vt 0.500040 -0.413400
vt 0.485830 -0.412820
vt 0.484850 -0.416950
vt 0.664920 -0.737650
vt 0.606060 -0.737650
vt 0.606060 -0.740260
vt 0.606060 -0.740260
vt 0.664920 -0.740260
vt 0.664920 -0.737650
vt 0.664920 -0.735140
vt 0.606060 -0.735140
vt 0.606060 -0.737650
vt 0.606060 -0.737650
vt 0.664920 -0.737650
vt 0.664920 -0.735140
vt 0.664920 -0.732740
vt 0.606060 -0.732740
vt 0.606060 -0.735140
vt 0.606060 -0.735140
vt 0.664920 -0.735140
vt 0.664920 -0.732740
vt 0.664920 -0.740260
vt 0.606060 -0.740260
vt 0.606060 -0.742760
vt 0.606060 -0.742760
vt 0.664920 -0.742760
vt 0.664920 -0.740260
vt 0.664920 -0.735140
vt 0.664920 -0.737650
vt 0.667560 -0.737650
vt 0.667460 -0.735140
vt 0.664920 -0.735140
vt 0.667560 -0.737650
vt 0.990360 -0.427660
vt 0.993970 -0.424810
vt 0.993940 -0.472160
vt 0.993940 -0.472160
vt 0.990640 -0.468740
vt 0.990360 -0.427660
vt 0.990360 -0.427660
vt 0.898400 -0.420710
vt 0.898330 -0.416650
vt 0.898330 -0.416650
vt 0.993970 -0.424810
vt 0.990360 -0.427660
vt 0.593080 -0.461840
vt 0.501350 -0.477320
vt 0.504730 -0.483080
vt 0.504730 -0.483080
vt 0.598480 -0.465290
vt 0.593080 -0.461840
vt 0.593080 -0.461840
vt 0.598480 -0.465290
vt 0.594500 -0.417240
vt 0.594500 -0.417240
vt 0.591180 -0.420800
vt 0.593080 -0.461840
vt 0.898400 -0.420710
vt 0.990360 -0.427660
vt 0.990640 -0.468740
vt 0.990640 -0.468740
vt 0.898200 -0.480640
vt 0.898400 -0.420710
vt 0.593080 -0.461840
vt 0.591180 -0.420800
vt 0.499180 -0.417470
vt 0.499180 -0.417470
vt 0.501350 -0.477320
vt 0.593080 -0.461840
vt 0.990640 -0.468740
vt 0.993940 -0.472160
vt 0.898530 -0.484800
vt 0.898530 -0.484800
vt 0.898200 -0.480640
vt 0.990640 -0.468740
vt 0.884130 -0.419630
vt 0.883950 -0.415430
vt 0.898330 -0.416650
vt 0.898330 -0.416650
vt 0.898400 -0.420710
vt 0.884130 -0.419630
vt 0.591180 -0.420800
vt 0.594500 -0.417240
vt 0.500040 -0.413400
vt 0.500040 -0.413400
vt 0.499180 -0.417470
vt 0.591180 -0.420800
vt 0.487060 -0.479730
vt 0.490630 -0.485760
vt 0.504730 -0.483080
vt 0.504730 -0.483080
vt 0.501350 -0.477320
vt 0.487060 -0.479730
vt 0.860960 -0.417880
vt 0.884130 -0.419630
vt 0.883860 -0.482480
vt 0.883860 -0.482480
vt 0.860570 -0.485480
vt 0.860960 -0.417880
vt 0.487060 -0.479730
vt 0.484850 -0.416950
vt 0.461570 -0.416110
vt 0.461570 -0.416110
vt 0.463850 -0.483650
vt 0.487060 -0.479730
vt 0.860570 -0.485480
vt 0.883860 -0.482480
vt 0.884180 -0.486710
vt 0.884180 -0.486710
vt 0.860890 -0.489790
vt 0.860570 -0.485480
vt 0.461570 -0.416110
vt 0.484850 -0.416950
vt 0.485830 -0.412820
vt 0.485830 -0.412820
vt 0.462770 -0.411890
vt 0.461570 -0.416110
vt 0.860960 -0.417880
vt 0.860600 -0.413430
vt 0.883950 -0.415430
vt 0.883950 -0.415430
vt 0.884130 -0.419630
vt 0.860960 -0.417880
vt 0.463850 -0.483650
vt 0.467740 -0.490110
vt 0.490630 -0.485760
vt 0.490630 -0.485760
vt 0.487060 -0.479730
vt 0.463850 -0.483650
vt 0.884130 -0.419630
vt 0.898400 -0.420710
vt 0.898200 -0.480640
vt 0.898200 -0.480640
vt 0.883860 -0.482480
vt 0.884130 -0.419630
vt 0.501350 -0.477320
vt 0.499180 -0.417470
vt 0.484850 -0.416950
vt 0.484850 -0.416950
vt 0.487060 -0.479730
vt 0.501350 -0.477320
vt 0.883860 -0.482480
vt 0.898200 -0.480640
vt 0.898530 -0.484800
vt 0.898530 -0.484800
vt 0.884180 -0.486710
vt 0.883860 -0.482480
vt 0.484850 -0.416950
vt 0.499180 -0.417470
vt 0.500040 -0.413400
vt 0.500040 -0.413400
vt 0.485830 -0.412820
vt 0.484850 -0.416950
vt 0.664920 -0.737650
vt 0.664920 -0.740260
vt 0.606060 -0.740260
vt 0.606060 -0.740260
vt 0.606060 -0.737650
vt 0.664920 -0.737650
vt 0.664920 -0.735140
vt 0.664920 -0.737650
vt 0.606060 -0.737650
vt 0.606060 -0.737650
vt 0.606060 -0.735140
vt 0.664920 -0.735140
vt 0.664920 -0.732740
vt 0.664920 -0.735140
vt 0.606060 -0.735140
vt 0.606060 -0.735140
vt 0.606060 -0.732740
vt 0.664920 -0.732740
vt 0.664920 -0.740260
vt 0.664920 -0.742760
vt 0.606060 -0.742760
vt 0.606060 -0.742760
vt 0.606060 -0.740260
vt 0.664920 -0.740260
vt 0.664920 -0.735140
vt 0.667560 -0.737650
vt 0.664920 -0.737650
vt 0.667460 -0.735140
vt 0.667560 -0.737650
vt 0.664920 -0.735140
vt 0.990360 -0.427660
vt 0.990640 -0.468740
vt 0.993940 -0.472160
vt 0.993940 -0.472160
vt 0.993970 -0.424810
vt 0.990360 -0.427660
vt 0.990360 -0.427660
vt 0.993970 -0.424810
vt 0.898330 -0.416650
vt 0.898330 -0.416650
vt 0.898400 -0.420710
vt 0.990360 -0.427660
vt 0.593080 -0.461840
vt 0.598480 -0.465290
vt 0.504730 -0.483080
vt 0.504730 -0.483080
vt 0.501350 -0.477320
vt 0.593080 -0.461840
vt 0.593080 -0.461840
vt 0.591180 -0.420800
vt 0.594500 -0.417240
vt 0.594500 -0.417240
vt 0.598480 -0.465290
vt 0.593080 -0.461840
vt 0.898400 -0.420710
vt 0.898200 -0.480640
vt 0.990640 -0.468740
vt 0.990640 -0.468740
vt 0.990360 -0.427660
vt 0.898400 -0.420710
vt 0.593080 -0.461840
vt 0.501350 -0.477320
vt 0.499180 -0.417470
vt 0.499180 -0.417470
vt 0.591180 -0.420800
vt 0.593080 -0.461840
vt 0.990640 -0.468740
vt 0.898200 -0.480640
vt 0.898530 -0.484800
vt 0.898530 -0.484800
vt 0.993940 -0.472160
vt 0.990640 -0.468740
vt 0.884130 -0.419630
vt 0.898400 -0.420710
vt 0.898330 -0.416650
vt 0.898330 -0.416650
vt 0.883950 -0.415430
vt 0.884130 -0.419630
vt 0.591180 -0.420800
vt 0.499180 -0.417470
vt 0.500040 -0.413400
vt 0.500040 -0.413400
vt 0.594500 -0.417240
vt 0.591180 -0.420800
vt 0.487060 -0.479730
vt 0.501350 -0.477320
vt 0.504730 -0.483080
vt 0.504730 -0.483080
vt 0.490630 -0.485760
vt 0.487060 -0.479730
vt 0.860960 -0.417880
vt 0.860570 -0.485480
vt 0.883860 -0.482480
vt 0.883860 -0.482480
vt 0.884130 -0.419630
vt 0.860960 -0.417880
vt 0.487060 -0.479730
vt 0.463850 -0.483650
vt 0.461570 -0.416110
vt 0.461570 -0.416110
vt 0.484850 -0.416950
vt 0.487060 -0.479730
vt 0.860570 -0.485480
vt 0.860890 -0.489790
vt 0.884180 -0.486710
vt 0.884180 -0.486710
vt 0.883860 -0.482480
vt 0.860570 -0.485480
vt 0.461570 -0.416110
vt 0.462770 -0.411890
vt 0.485830 -0.412820
vt 0.485830 -0.412820
vt 0.484850 -0.416950
vt 0.461570 -0.416110
vt 0.860960 -0.417880
vt 0.884130 -0.419630
vt 0.883950 -0.415430
vt 0.883950 -0.415430
vt 0.860600 -0.413430
vt 0.860960 -0.417880
vt 0.463850 -0.483650
vt 0.487060 -0.479730
vt 0.490630 -0.485760
vt 0.490630 -0.485760
vt 0.467740 -0.490110
vt 0.463850 -0.483650
vt 0.884130 -0.419630
vt 0.883860 -0.482480
vt 0.898200 -0.480640
vt 0.898200 -0.480640
vt 0.898400 -0.420710
vt 0.884130 -0.419630
vt 0.501350 -0.477320
vt 0.487060 -0.479730
vt 0.484850 -0.416950
vt 0.484850 -0.416950
vt 0.499180 -0.417470
vt 0.501350 -0.477320
vt 0.883860 -0.482480
vt 0.884180 -0.486710
vt 0.898530 -0.484800
vt 0.898530 -0.484800
vt 0.898200 -0.480640
vt 0.883860 -0.482480
vt 0.484850 -0.416950
vt 0.485830 -0.412820
vt 0.500040 -0.413400
vt 0.500040 -0.413400
vt 0.499180 -0.417470
vt 0.484850 -0.416950
vt 0.990360 -0.427660
vt 0.993970 -0.424810
vt 0.993940 -0.472160
vt 0.993940 -0.472160
vt 0.990640 -0.468740
vt 0.990360 -0.427660
vt 0.990360 -0.427660
vt 0.898400 -0.420710
vt 0.898330 -0.416650
vt 0.898330 -0.416650
vt 0.993970 -0.424810
vt 0.990360 -0.427660
vt 0.593080 -0.461840
vt 0.501350 -0.477320
vt 0.504730 -0.483080
vt 0.504730 -0.483080
vt 0.598480 -0.465290
vt 0.593080 -0.461840
vt 0.593080 -0.461840
vt 0.598480 -0.465290
vt 0.594500 -0.417240
vt 0.594500 -0.417240
vt 0.591180 -0.420800
vt 0.593080 -0.461840
vt 0.898400 -0.420710
vt 0.990360 -0.427660
vt 0.990640 -0.468740
vt 0.990640 -0.468740
vt 0.898200 -0.480640
vt 0.898400 -0.420710
vt 0.593080 -0.461840
vt 0.591180 -0.420800
vt 0.499180 -0.417470
vt 0.499180 -0.417470
vt 0.501350 -0.477320
vt 0.593080 -0.461840
vt 0.990640 -0.468740
vt 0.993940 -0.472160
vt 0.898530 -0.484800
vt 0.898530 -0.484800
vt 0.898200 -0.480640
vt 0.990640 -0.468740
vt 0.884130 -0.419630
vt 0.883950 -0.415430
vt 0.898330 -0.416650
vt 0.898330 -0.416650
vt 0.898400 -0.420710
vt 0.884130 -0.419630
vt 0.591180 -0.420800
vt 0.594500 -0.417240
vt 0.500040 -0.413400
vt 0.500040 -0.413400
vt 0.499180 -0.417470
vt 0.591180 -0.420800
vt 0.487060 -0.479730
vt 0.490630 -0.485760
vt 0.504730 -0.483080
vt 0.504730 -0.483080
vt 0.501350 -0.477320
vt 0.487060 -0.479730
vt 0.860960 -0.417880
vt 0.884130 -0.419630
vt 0.883860 -0.482480
vt 0.883860 -0.482480
vt 0.860570 -0.485480
vt 0.860960 -0.417880
vt 0.487060 -0.479730
vt 0.484850 -0.416950
vt 0.461570 -0.416110
vt 0.461570 -0.416110
vt 0.463850 -0.483650
vt 0.487060 -0.479730
vt 0.860570 -0.485480
vt 0.883860 -0.482480
vt 0.884180 -0.486710
vt 0.884180 -0.486710
vt 0.860890 -0.489790
vt 0.860570 -0.485480
vt 0.461570 -0.416110
vt 0.484850 -0.416950
vt 0.485830 -0.412820
vt 0.485830 -0.412820
vt 0.462770 -0.411890
vt 0.461570 -0.416110
vt 0.860960 -0.417880
vt 0.860600 -0.413430
vt 0.883950 -0.415430
vt 0.883950 -0.415430
vt 0.884130 -0.419630
vt 0.860960 -0.417880
vt 0.463850 -0.483650
vt 0.467740 -0.490110
vt 0.490630 -0.485760
vt 0.490630 -0.485760
vt 0.487060 -0.479730
vt 0.463850 -0.483650
vt 0.884130 -0.419630
vt 0.898400 -0.420710
vt 0.898200 -0.480640
vt 0.898200 -0.480640
vt 0.883860 -0.482480
vt 0.884130 -0.419630
vt 0.501350 -0.477320
vt 0.499180 -0.417470
vt 0.484850 -0.416950
vt 0.484850 -0.416950
vt 0.487060 -0.479730
vt 0.501350 -0.477320
vt 0.883860 -0.482480
vt 0.898200 -0.480640
vt 0.898530 -0.484800
vt 0.898530 -0.484800
vt 0.884180 -0.486710
vt 0.883860 -0.482480
vt 0.484850 -0.416950
vt 0.499180 -0.417470
vt 0.500040 -0.413400
vt 0.500040 -0.413400
vt 0.485830 -0.412820
vt 0.484850 -0.416950
vt 0.990360 -0.427660
vt 0.990640 -0.468740
vt 0.993940 -0.472160
vt 0.993940 -0.472160
vt 0.993970 -0.424810
vt 0.990360 -0.427660
vt 0.990360 -0.427660
vt 0.993970 -0.424810
vt 0.898330 -0.416650
vt 0.898330 -0.416650
vt 0.898400 -0.420710
vt 0.990360 -0.427660
vt 0.593080 -0.461840
vt 0.598480 -0.465290
vt 0.504730 -0.483080
vt 0.504730 -0.483080
vt 0.501350 -0.477320
vt 0.593080 -0.461840
vt 0.593080 -0.461840
vt 0.591180 -0.420800
vt 0.594500 -0.417240
vt 0.594500 -0.417240
vt 0.598480 -0.465290
vt 0.593080 -0.461840
vt 0.898400 -0.420710
vt 0.898200 -0.480640
vt 0.990640 -0.468740
vt 0.990640 -0.468740
vt 0.990360 -0.427660
vt 0.898400 -0.420710
vt 0.593080 -0.461840
vt 0.501350 -0.477320
vt 0.499180 -0.417470
vt 0.499180 -0.417470
vt 0.591180 -0.420800
vt 0.593080 -0.461840
vt 0.990640 -0.468740
vt 0.898200 -0.480640
vt 0.898530 -0.484800
vt 0.898530 -0.484800
vt 0.993940 -0.472160
vt 0.990640 -0.468740
vt 0.884130 -0.419630
vt 0.898400 -0.420710
vt 0.898330 -0.416650
vt 0.898330 -0.416650
vt 0.883950 -0.415430
vt 0.884130 -0.419630
vt 0.591180 -0.420800
vt 0.499180 -0.417470
vt 0.500040 -0.413400
vt 0.500040 -0.413400
vt 0.594500 -0.417240
vt 0.591180 -0.420800
vt 0.487060 -0.479730
vt 0.501350 -0.477320
vt 0.504730 -0.483080
vt 0.504730 -0.483080
vt 0.490630 -0.485760
vt 0.487060 -0.479730
vt 0.860960 -0.417880
vt 0.860570 -0.485480
vt 0.883860 -0.482480
vt 0.883860 -0.482480
vt 0.884130 -0.419630
vt 0.860960 -0.417880
vt 0.487060 -0.479730
vt 0.463850 -0.483650
vt 0.461570 -0.416110
vt 0.461570 -0.416110
vt 0.484850 -0.416950
vt 0.487060 -0.479730
vt 0.860570 -0.485480
vt 0.860890 -0.489790
vt 0.884180 -0.486710
vt 0.884180 -0.486710
vt 0.883860 -0.482480
vt 0.860570 -0.485480
vt 0.461570 -0.416110
vt 0.462770 -0.411890
vt 0.485830 -0.412820
vt 0.485830 -0.412820
vt 0.484850 -0.416950
vt 0.461570 -0.416110
vt 0.860960 -0.417880
vt 0.884130 -0.419630
vt 0.883950 -0.415430
vt 0.883950 -0.415430
vt 0.860600 -0.413430
vt 0.860960 -0.417880
vt 0.463850 -0.483650
vt 0.487060 -0.479730
vt 0.490630 -0.485760
vt 0.490630 -0.485760
vt 0.467740 -0.490110
vt 0.463850 -0.483650
vt 0.884130 -0.419630
vt 0.883860 -0.482480
vt 0.898200 -0.480640
vt 0.898200 -0.480640
vt 0.898400 -0.420710
vt 0.884130 -0.419630
vt 0.501350 -0.477320
vt 0.487060 -0.479730
vt 0.484850 -0.416950
vt 0.484850 -0.416950
vt 0.499180 -0.417470
vt 0.501350 -0.477320
vt 0.883860 -0.482480
vt 0.884180 -0.486710
vt 0.898530 -0.484800
vt 0.898530 -0.484800
vt 0.898200 -0.480640
vt 0.883860 -0.482480
vt 0.484850 -0.416950
vt 0.485830 -0.412820
vt 0.500040 -0.413400
vt 0.500040 -0.413400
vt 0.499180 -0.417470
vt 0.484850 -0.416950
vt 0.267130 -0.492310
vt 0.240880 -0.557710
vt 0.293790 -0.557710
vt 0.267130 -0.492310
vt 0.240880 -0.557710
vt 0.293790 -0.557710
vt 0.267130 -0.492310
vt 0.240880 -0.557710
vt 0.293790 -0.557710
vt 0.267130 -0.492310
vt 0.240880 -0.557710
vt 0.293790 -0.557710
vt 0.267130 -0.492310
vt 0.240880 -0.557710
vt 0.293790 -0.557710
vt 0.267130 -0.492310
vt 0.240880 -0.557710
vt 0.293790 -0.557710
vt 0.267130 -0.492310
vt 0.240880 -0.557710
vt 0.293790 -0.557710
vt 0.267130 -0.492310
vt 0.240880 -0.557710
vt 0.293790 -0.557710
vt 0.267130 -0.492310
vt 0.240880 -0.557710
vt 0.293790 -0.557710
vt 0.267130 -0.492310
vt 0.240880 -0.557710
vt 0.293790 -0.557710
vt 0.310360 -0.646230
vt 0.293790 -0.557710
vt 0.240880 -0.557710
vt 0.240880 -0.557710
vt 0.224750 -0.646230
vt 0.310360 -0.646230
vt 0.310360 -0.646230
vt 0.293790 -0.557710
vt 0.240880 -0.557710
vt 0.240880 -0.557710
vt 0.224750 -0.646230
vt 0.310360 -0.646230
vt 0.310360 -0.646230
vt 0.293790 -0.557710
vt 0.240880 -0.557710
vt 0.240880 -0.557710
vt 0.224750 -0.646230
vt 0.310360 -0.646230
vt 0.310360 -0.646230
vt 0.293790 -0.557710
vt 0.240880 -0.557710
vt 0.240880 -0.557710
vt 0.224750 -0.646230
vt 0.310360 -0.646230
vt 0.310360 -0.646230
vt 0.293790 -0.557710
vt 0.240880 -0.557710
vt 0.240880 -0.557710
vt 0.224750 -0.646230
vt 0.310360 -0.646230
vt 0.310360 -0.646230
vt 0.293790 -0.557710
vt 0.240880 -0.557710
vt 0.240880 -0.557710
vt 0.224750 -0.646230
vt 0.310360 -0.646230
vt 0.310360 -0.646230
vt 0.293790 -0.557710
vt 0.240880 -0.557710
vt 0.240880 -0.557710
vt 0.224750 -0.646230
vt 0.310360 -0.646230
vt 0.310360 -0.646230
vt 0.293790 -0.557710
vt 0.240880 -0.557710
vt 0.240880 -0.557710
vt 0.224750 -0.646230
vt 0.310360 -0.646230
vt 0.310360 -0.646230
vt 0.293790 -0.557710
vt 0.240880 -0.557710
vt 0.240880 -0.557710
vt 0.224750 -0.646230
vt 0.310360 -0.646230
vt 0.310360 -0.646230
vt 0.293790 -0.557710
vt 0.240880 -0.557710
vt 0.240880 -0.557710
vt 0.224750 -0.646230
vt 0.310360 -0.646230
vt 0.635950 -0.816060
vt 0.811180 -0.782170
vt 0.811180 -0.849430
vt 0.635950 -0.816060
vt 0.811180 -0.782170
vt 0.811180 -0.849430
vt 0.635950 -0.816060
vt 0.811180 -0.782170
vt 0.811180 -0.849430
vt 0.635950 -0.816060
vt 0.811180 -0.782170
vt 0.811180 -0.849430
vt 0.635950 -0.816060
vt 0.811180 -0.782170
vt 0.811180 -0.849430
vt 0.635950 -0.816060
vt 0.811180 -0.782170
vt 0.811180 -0.849430
vt 0.635950 -0.816060
vt 0.811180 -0.782170
vt 0.811180 -0.849430
vt 0.635950 -0.816060
vt 0.811180 -0.782170
vt 0.811180 -0.849430
vt 0.635950 -0.816060
vt 0.811180 -0.782170
vt 0.811180 -0.849430
vt 0.635950 -0.816060
vt 0.811180 -0.782170
vt 0.811180 -0.849430
vt 0.971870 -0.761110
vt 0.971870 -0.869940
vt 0.811180 -0.849430
vt 0.811180 -0.849430
vt 0.811180 -0.782170
vt 0.971870 -0.761110
vt 0.971870 -0.761110
vt 0.971870 -0.869940
vt 0.811180 -0.849430
vt 0.811180 -0.849430
vt 0.811180 -0.782170
vt 0.971870 -0.761110
vt 0.971870 -0.761110
vt 0.971870 -0.869940
vt 0.811180 -0.849430
vt 0.811180 -0.849430
vt 0.811180 -0.782170
vt 0.971870 -0.761110
vt 0.971870 -0.761110
vt 0.971870 -0.869940
vt 0.811180 -0.849430
vt 0.811180 -0.849430
vt 0.811180 -0.782170
vt 0.971870 -0.761110
vt 0.971870 -0.761110
vt 0.971870 -0.869940
vt 0.811180 -0.849430
vt 0.811180 -0.849430
vt 0.811180 -0.782170
vt 0.971870 -0.761110
vt 0.971870 -0.761110
vt 0.971870 -0.869940
vt 0.811180 -0.849430
vt 0.811180 -0.849430
vt 0.811180 -0.782170
vt 0.971870 -0.761110
vt 0.971870 -0.761110
vt 0.971870 -0.869940
vt 0.811180 -0.849430
vt 0.811180 -0.849430
vt 0.811180 -0.782170
vt 0.971870 -0.761110
vt 0.971870 -0.761110
vt 0.971870 -0.869940
vt 0.811180 -0.849430
vt 0.811180 -0.849430
vt 0.811180 -0.782170
vt 0.971870 -0.761110
vt 0.971870 -0.761110
vt 0.971870 -0.869940
vt 0.811180 -0.849430
vt 0.811180 -0.849430
vt 0.811180 -0.782170
vt 0.971870 -0.761110
vt 0.971870 -0.761110
vt 0.971870 -0.869940
vt 0.811180 -0.849430
vt 0.811180 -0.849430
vt 0.811180 -0.782170
vt 0.971870 -0.761110
vn -0.7375 -0.6594 -0.1461
vn -0.7278 -0.6854 -0.0247
vn -0.9683 -0.2478 -0.0314
vn -0.9711 -0.2076 -0.1177
vn 0.0000 -0.3079 -0.9514
vn -0.5421 -0.2357 -0.8066
vn -0.0000 0.1063 -0.9943
vn -0.9283 -0.3715 0.0154
vn -0.6958 -0.7180 -0.0186
vn -0.6160 -0.7872 -0.0308
vn -0.7138 -0.5764 -0.3979
vn -0.9494 -0.1998 -0.2425
vn -0.8680 -0.1412 -0.4761
vn -0.6842 -0.4378 -0.5833
vn -0.7374 -0.6594 -0.1461
vn -0.7138 -0.5763 -0.3979
vn -0.9283 -0.3716 0.0154
vn -0.7278 -0.6854 -0.0248
vn -0.7277 -0.6854 -0.0247
vn -0.6958 -0.7180 -0.0187
vn -0.9283 -0.3715 0.0155
vn -0.5421 -0.2356 -0.8066
vn -0.6958 -0.7179 -0.0186
vn -0.0000 -0.9976 -0.0692
vn 0.0000 -0.7141 -0.7001
vn 0.0000 -0.7140 -0.7001
vn -0.0000 -0.9899 -0.1416
vn -0.0000 -0.9998 -0.0220
vn -0.0000 -0.8967 -0.4427
vn 0.0000 -0.8967 -0.4426
vn -0.7277 -0.6854 -0.0248
vn -0.0000 -0.9967 -0.0815
vn -0.6959 -0.7179 -0.0186
vn 0.0000 -0.9801 -0.1987
vn 0.0000 -0.9466 -0.3224
vn -0.0000 0.9938 0.1108
vn 0.4617 0.8797 0.1140
vn 0.4699 0.8750 -0.1161
vn 0.0000 0.9946 -0.1041
vn -0.9983 0.0588 -0.0056
vn -1.0000 0.0000 0.0000
vn -0.9975 0.0695 0.0134
vn -0.9463 0.3182 -0.0570
vn -1.0000 0.0043 -0.0042
vn 0.3628 0.8518 0.3780
vn 0.3387 0.8587 0.3847
vn 0.0000 0.9255 0.3787
vn -0.0000 0.9433 0.3320
vn 0.0000 -0.9983 -0.0580
vn 0.0000 -0.9983 -0.0579
vn -0.9443 0.3165 -0.0902
vn -0.9443 0.3165 -0.0901
vn -0.9998 0.0148 -0.0111
vn -0.6810 0.7219 -0.1233
vn 0.0000 0.9864 -0.1646
vn -0.0000 0.9732 -0.2300
vn -0.5208 0.8283 -0.2068
vn -0.6809 0.7219 -0.1233
vn -0.0000 -0.9997 -0.0234
vn 0.0000 -0.9997 -0.0229
vn -0.9998 0.0148 -0.0112
vn -0.9361 0.3089 -0.1679
vn -0.9361 0.3090 -0.1679
vn -0.9970 0.0000 -0.0772
vn -0.5207 0.8283 -0.2068
vn 0.0000 0.9478 -0.3187
vn -0.5195 0.8024 -0.2937
vn -0.5207 0.8283 -0.2069
vn 0.0000 -0.9996 -0.0283
vn -0.0000 -0.9995 -0.0305
vn -0.9541 -0.0094 -0.2992
vn -0.9970 -0.0000 -0.0773
vn -0.8842 0.2900 -0.3661
vn -0.5195 0.8024 -0.2938
vn 0.0000 0.8716 -0.4903
vn -0.4832 0.7400 -0.4678
vn 0.0000 -0.9996 -0.0282
vn -0.0000 -0.9787 -0.2051
vn -0.0000 -0.9726 -0.2325
vn -0.5863 0.2439 -0.7725
vn -0.6233 -0.0836 -0.7775
vn 0.0000 0.6280 -0.7782
vn 0.0000 0.6281 -0.7781
vn 0.0000 -0.9788 -0.2050
vn -0.0633 -0.8041 -0.5911
vn 0.0000 -0.7468 -0.6650
vn 0.0000 0.3059 -0.9520
vn -0.5863 0.2440 -0.7725
vn -0.0000 0.6281 -0.7782
vn -0.0000 0.3060 -0.9520
vn -0.0000 -0.4408 -0.8976
vn -0.0000 -0.9466 -0.3223
vn -0.0000 -0.9697 -0.2442
vn 0.3561 0.8690 -0.3437
vn 0.0000 0.9459 -0.3244
vn -0.0000 0.9399 -0.3416
vn 0.0000 0.9398 -0.3416
vn 0.3512 0.8803 -0.3190
vn -0.9454 0.3165 0.0772
vn 0.0000 -0.9924 -0.1229
vn -0.0000 0.9605 0.2781
vn -0.6789 0.7115 0.1812
vn -0.5205 0.8213 0.2337
vn -0.0000 0.9603 0.2790
vn -0.9478 0.3070 0.0863
vn -0.9454 0.3165 0.0773
vn -0.0000 -0.9994 -0.0358
vn 0.0000 -0.9968 0.0798
vn -0.0253 -0.9954 0.0926
vn -0.5205 0.8213 0.2336
vn -0.5172 0.8338 0.1928
vn -0.5173 0.8338 0.1928
vn -0.0000 0.9708 0.2400
vn -0.9543 0.2942 0.0527
vn 0.0000 -0.9757 0.2191
vn -0.1703 -0.9531 0.2503
vn -0.0254 -0.9954 0.0926
vn -0.4159 0.8956 0.1581
vn -0.0000 0.9791 0.2035
vn -0.9543 0.2942 0.0526
vn -0.9804 -0.1970 0.0076
vn -0.9145 0.4012 0.0526
vn -0.4643 -0.5622 -0.6843
vn -0.0000 -0.2986 -0.9544
vn -0.3891 -0.4974 -0.7753
vn -0.7702 -0.6105 -0.1846
vn -0.6008 -0.7959 -0.0742
vn -0.6052 -0.7921 -0.0793
vn -0.6052 -0.7921 -0.0794
vn -0.7753 -0.5994 -0.1989
vn -0.8394 -0.5148 -0.1743
vn -0.8363 -0.5189 -0.1768
vn -0.8437 -0.5276 -0.0986
vn -0.8415 -0.5279 -0.1146
vn -0.8394 -0.5147 -0.1742
vn -0.8415 -0.5280 -0.1146
vn -0.8412 -0.5398 -0.0308
vn -0.8379 -0.5449 -0.0326
vn -0.8379 -0.5448 -0.0326
vn -0.7988 -0.6007 -0.0329
vn -0.7928 -0.6084 -0.0351
vn -0.8379 -0.5449 -0.0327
vn -0.7552 -0.6497 -0.0873
vn -0.7465 -0.6590 -0.0923
vn -0.7928 -0.6085 -0.0351
vn -0.7551 -0.6497 -0.0873
vn -0.6588 -0.6825 -0.3166
vn -0.6391 -0.6885 -0.3430
vn -0.6391 -0.6884 -0.3430
vn -0.6588 -0.6825 -0.3165
vn -0.3891 -0.4975 -0.7753
vn -0.8363 -0.5190 -0.1768
vn -0.8395 -0.5147 -0.1742
vn -0.7753 -0.5994 -0.1988
vn -0.6008 -0.7960 -0.0743
vn -0.7057 -0.7081 -0.0243
vn -0.7126 -0.7014 -0.0155
vn -0.9635 0.2676 -0.0017
vn -0.9981 0.0610 -0.0000
vn -0.9967 -0.0253 0.0773
vn -0.9684 0.2428 0.0572
vn -0.8787 -0.4773 -0.0000
vn -0.8442 -0.5244 0.1107
vn -0.8442 -0.5244 0.1108
vn -0.5027 -0.8645 0.0000
vn -0.4724 -0.8717 0.1303
vn 0.0000 -1.0000 -0.0000
vn -0.0000 -0.9907 0.1362
vn -0.9492 0.2696 0.1624
vn -0.9742 -0.0024 0.2258
vn 0.0001 -0.6885 0.7252
vn -0.8116 -0.4882 0.3210
vn 0.0000 -0.6886 0.7252
vn -0.4497 -0.8103 0.3758
vn 0.0000 -0.9194 0.3933
vn -0.9684 0.2428 0.0573
vn -0.4497 -0.8103 0.3759
vn -0.0000 -0.9907 0.1363
vn 0.0000 -0.3420 -0.9397
vn -0.0000 -0.3421 -0.9397
vn -0.3860 -0.9213 0.0471
vn -0.0027 -0.9997 0.0234
vn -0.0120 -0.9757 0.2186
vn -0.1126 -0.9734 0.1996
vn -0.0318 0.9597 0.2793
vn -0.0055 0.9972 0.0751
vn -0.3867 0.9210 0.0478
vn -0.1126 0.9734 0.1996
vn -0.0319 0.9597 0.2793
vn -0.6192 -0.0000 0.7852
vn -0.9998 0.0000 0.0191
vn -0.3860 -0.9213 0.0470
vn -0.1126 -0.9734 0.1995
vn -0.8019 -0.0000 -0.5974
vn -0.5296 0.0000 -0.8483
vn -0.2278 -0.8777 -0.4216
vn -0.3466 -0.9138 -0.2120
vn -0.2862 -0.9001 0.3284
vn -0.6570 0.0000 0.7539
vn -0.5382 -0.0040 0.8428
vn -0.1188 -0.9656 0.2314
vn -0.2862 -0.9002 0.3284
vn -0.1992 -0.0034 0.9800
vn -0.0318 0.9597 0.2794
vn -0.6338 0.0000 -0.7735
vn -0.5295 0.0000 -0.8483
vn -0.2398 0.8352 -0.4948
vn -0.2398 0.8352 -0.4949
vn -0.4533 0.6998 -0.5521
vn -0.3482 0.9130 -0.2125
vn -0.8019 -0.0000 -0.5975
vn -0.4494 -0.7061 -0.5473
vn -0.0207 -0.9995 0.0255
vn -0.1262 0.9543 0.2711
vn -0.2925 0.8954 0.3357
vn -0.0290 0.9982 0.0532
vn -0.1262 0.9542 0.2711
vn -0.0290 0.9982 0.0533
vn -0.0319 0.9597 0.2794
vn -0.1132 0.9647 0.2378
vn -0.1991 -0.0034 0.9800
vn -0.6193 -0.0000 0.7852
vn -0.1992 -0.0034 0.9799
vn -0.3794 -0.0024 0.9252
vn -0.3481 0.9130 -0.2125
vn -0.2398 0.8353 -0.4948
vn -0.2397 0.8353 -0.4948
vn -0.1129 -0.9640 0.2406
vn -0.5382 -0.0041 0.8428
vn -0.2924 0.8954 0.3357
vn -0.1262 0.9543 0.2710
vn -0.0388 0.9902 -0.1342
vn -0.9998 -0.0000 0.0192
vn -0.2862 -0.9002 0.3283
vn -0.1129 -0.9640 0.2407
vn -0.0256 0.9990 -0.0355
vn -0.8385 -0.5296 0.1284
vn -0.8413 -0.5210 0.1443
vn -0.7954 -0.5707 0.2039
vn -0.7884 -0.5808 0.2027
vn -0.3867 0.9210 0.0479
vn -0.5381 -0.0041 0.8429
vn -0.3795 -0.0024 0.9252
vn -0.3794 -0.0023 0.9252
vn 0.6830 0.7202 0.1213
vn 0.6787 0.7230 -0.1287
vn 0.4700 0.8750 -0.1161
vn -0.9463 0.3182 -0.0569
vn -0.9362 0.3089 -0.1679
vn -0.9455 0.3165 0.0773
vn -0.9975 0.0695 0.0133
vn -0.9543 0.2943 0.0526
vn -0.9543 0.2943 0.0527
vn -0.5205 0.8212 0.2337
vn -0.9145 0.4012 0.0527
vn 0.7375 -0.6594 -0.1461
vn 0.9711 -0.2076 -0.1177
vn 0.9683 -0.2478 -0.0314
vn 0.7277 -0.6854 -0.0248
vn 0.5421 -0.2357 -0.8066
vn 0.9283 -0.3715 0.0154
vn 0.6160 -0.7872 -0.0308
vn 0.6958 -0.7180 -0.0186
vn 0.7138 -0.5764 -0.3979
vn 0.6842 -0.4378 -0.5833
vn 0.8680 -0.1412 -0.4761
vn 0.9494 -0.1998 -0.2425
vn 0.7138 -0.5763 -0.3979
vn 0.7374 -0.6594 -0.1461
vn 0.9283 -0.3715 0.0155
vn 0.6958 -0.7180 -0.0187
vn 0.7277 -0.6854 -0.0247
vn 0.7278 -0.6854 -0.0248
vn 0.9283 -0.3716 0.0154
vn 0.5421 -0.2356 -0.8066
vn 0.6958 -0.7179 -0.0186
vn 0.7278 -0.6854 -0.0247
vn 0.6959 -0.7179 -0.0186
vn -0.4699 0.8750 -0.1161
vn -0.4617 0.8797 0.1140
vn 0.9983 0.0588 -0.0056
vn 0.9975 0.0695 0.0134
vn 1.0000 0.0000 0.0000
vn 1.0000 0.0043 -0.0042
vn 0.9463 0.3182 -0.0570
vn -0.3387 0.8587 0.3847
vn -0.3628 0.8518 0.3780
vn 0.9998 0.0148 -0.0111
vn 0.9443 0.3165 -0.0901
vn 0.9443 0.3165 -0.0902
vn 0.6809 0.7219 -0.1233
vn 0.5208 0.8283 -0.2068
vn 0.6810 0.7219 -0.1233
vn 0.9970 -0.0000 -0.0772
vn 0.9361 0.3090 -0.1679
vn 0.9361 0.3089 -0.1679
vn 0.9998 0.0148 -0.0112
vn 0.5207 0.8283 -0.2069
vn 0.5195 0.8024 -0.2937
vn 0.5207 0.8283 -0.2068
vn 0.9541 -0.0094 -0.2992
vn 0.8842 0.2900 -0.3661
vn 0.9970 -0.0000 -0.0773
vn 0.5195 0.8024 -0.2938
vn 0.4832 0.7400 -0.4678
vn 0.6233 -0.0836 -0.7775
vn 0.5863 0.2439 -0.7725
vn 0.0633 -0.8041 -0.5911
vn 0.5863 0.2440 -0.7725
vn -0.3561 0.8690 -0.3437
vn -0.3512 0.8803 -0.3190
vn 0.9454 0.3165 0.0772
vn 0.5205 0.8213 0.2337
vn 0.6789 0.7115 0.1812
vn 0.9454 0.3165 0.0773
vn 0.9478 0.3070 0.0863
vn 0.0253 -0.9954 0.0926
vn 0.5173 0.8338 0.1928
vn 0.5172 0.8338 0.1928
vn 0.5205 0.8213 0.2336
vn 0.9543 0.2942 0.0527
vn 0.0254 -0.9954 0.0926
vn 0.1703 -0.9531 0.2503
vn 0.4159 0.8956 0.1581
vn 0.5172 0.8339 0.1928
vn 0.9145 0.4012 0.0526
vn 0.9804 -0.1970 0.0076
vn 0.9543 0.2942 0.0526
vn 0.4643 -0.5622 -0.6843
vn 0.3891 -0.4974 -0.7753
vn 0.7702 -0.6105 -0.1846
vn 0.7753 -0.5994 -0.1989
vn 0.6052 -0.7921 -0.0794
vn 0.6052 -0.7921 -0.0793
vn 0.6008 -0.7959 -0.0742
vn 0.8394 -0.5147 -0.1742
vn 0.8415 -0.5279 -0.1146
vn 0.8437 -0.5276 -0.0986
vn 0.8363 -0.5189 -0.1768
vn 0.8395 -0.5147 -0.1742
vn 0.8379 -0.5449 -0.0326
vn 0.8412 -0.5398 -0.0308
vn 0.8415 -0.5280 -0.1146
vn 0.8379 -0.5449 -0.0327
vn 0.7928 -0.6084 -0.0351
vn 0.7988 -0.6007 -0.0329
vn 0.8379 -0.5448 -0.0326
vn 0.7928 -0.6085 -0.0351
vn 0.7465 -0.6590 -0.0923
vn 0.7552 -0.6497 -0.0873
vn 0.6391 -0.6885 -0.3430
vn 0.6588 -0.6825 -0.3166
vn 0.6391 -0.6884 -0.3430
vn 0.3891 -0.4975 -0.7753
vn 0.6588 -0.6825 -0.3165
vn 0.7753 -0.5994 -0.1988
vn 0.7126 -0.7014 -0.0155
vn 0.7057 -0.7081 -0.0243
vn 0.6008 -0.7960 -0.0743
vn 0.9635 0.2676 -0.0017
vn 0.9684 0.2428 0.0572
vn 0.9967 -0.0253 0.0773
vn 0.9981 0.0610 -0.0000
vn 0.8442 -0.5244 0.1108
vn 0.8442 -0.5244 0.1107
vn 0.8787 -0.4773 -0.0000
vn 0.4724 -0.8717 0.1303
vn 0.5027 -0.8645 0.0000
vn 0.9492 0.2696 0.1624
vn -0.0001 -0.6885 0.7252
vn 0.9742 -0.0024 0.2258
vn 0.8116 -0.4882 0.3210
vn 0.4497 -0.8103 0.3758
vn 0.9684 0.2428 0.0573
vn 0.9492 0.2697 0.1624
vn 0.4497 -0.8103 0.3759
vn 0.3860 -0.9213 0.0471
vn 0.1126 -0.9734 0.1996
vn 0.0291 -0.9734 0.2272
vn 0.0049 -0.9998 0.0204
vn 0.0319 0.9597 0.2793
vn 0.1126 0.9734 0.1996
vn 0.3867 0.9210 0.0478
vn 0.0055 0.9972 0.0751
vn 0.0318 0.9597 0.2793
vn 0.3860 -0.9213 0.0470
vn 0.9998 -0.0000 0.0191
vn 0.6192 -0.0000 0.7852
vn 0.8019 -0.0000 -0.5974
vn 0.3466 -0.9138 -0.2120
vn 0.2278 -0.8777 -0.4216
vn 0.5296 0.0000 -0.8483
vn 0.8019 0.0001 -0.5975
vn 0.2862 -0.9002 0.3284
vn 0.1168 -0.9650 0.2347
vn 0.5382 -0.0040 0.8428
vn 0.6570 0.0000 0.7539
vn 0.2862 -0.9001 0.3284
vn 0.0318 0.9597 0.2794
vn 0.1992 -0.0034 0.9800
vn 0.1991 -0.0034 0.9800
vn 0.6338 -0.0000 -0.7735
vn 0.4533 0.6998 -0.5521
vn 0.2398 0.8352 -0.4949
vn 0.2398 0.8352 -0.4948
vn 0.5295 0.0000 -0.8483
vn 0.3482 0.9130 -0.2125
vn 0.8019 -0.0000 -0.5975
vn 0.0189 -0.9995 0.0246
vn 0.0189 -0.9995 0.0247
vn 0.4494 -0.7061 -0.5473
vn 0.1262 0.9543 0.2711
vn 0.1132 0.9647 0.2378
vn 0.0319 0.9597 0.2794
vn 0.1262 0.9542 0.2711
vn 0.0290 0.9982 0.0533
vn 0.0290 0.9982 0.0532
vn 0.2925 0.8954 0.3357
vn 0.1992 -0.0034 0.9799
vn 0.6193 -0.0000 0.7852
vn 0.3794 -0.0024 0.9252
vn 0.2397 0.8353 -0.4948
vn 0.3481 0.9130 -0.2125
vn 0.1249 -0.9511 0.2824
vn 0.0291 -0.9734 0.2271
vn 0.1262 0.9543 0.2710
vn 0.2924 0.8954 0.3357
vn 0.5382 -0.0041 0.8428
vn 0.2398 0.8353 -0.4948
vn 0.0388 0.9902 -0.1342
vn 0.9998 -0.0000 0.0192
vn 0.2862 -0.9002 0.3283
vn 0.0256 0.9990 -0.0355
vn 0.8413 -0.5210 0.1443
vn 0.8385 -0.5296 0.1284
vn 0.7884 -0.5808 0.2027
vn 0.7954 -0.5707 0.2039
vn 0.3867 0.9210 0.0479
vn 0.3795 -0.0024 0.9252
vn 0.5381 -0.0041 0.8429
vn 0.3794 -0.0023 0.9252
vn -0.4700 0.8750 -0.1161
vn -0.6787 0.7230 -0.1287
vn -0.6830 0.7202 0.1213
vn 0.9463 0.3182 -0.0569
vn 0.9362 0.3089 -0.1679
vn 0.9455 0.3165 0.0773
vn 0.9975 0.0695 0.0133
vn 0.5205 0.8212 0.2337
vn 0.9543 0.2943 0.0527
vn 0.9543 0.2943 0.0526
vn 0.9145 0.4012 0.0527
vn 0.0000 0.3522 0.9359
vn 0.0000 0.0000 1.0000
vn 0.0000 -0.3522 -0.9359
vn 0.0000 1.0000 0.0000
vn -0.7068 -0.7070 0.0234
vn -0.7069 -0.7069 0.0234
vn -0.7069 0.7069 0.0234
vn 0.7069 0.7069 0.0234
vn 0.7068 -0.7070 0.0234
vn 0.7069 -0.7069 0.0234
vn 0.0000 0.0000 -1.0000
vn -0.0000 0.9925 0.1222
vn 0.2641 0.9608 0.0847
vn 0.8601 0.5093 0.0288
vn 0.9699 -0.2413 -0.0340
vn 0.2641 0.9608 0.0846
vn 0.0000 0.9953 0.0964
vn 0.1515 0.9853 0.0789
vn 0.7973 0.6025 0.0366
vn 0.7973 0.6025 0.0365
vn 0.9939 -0.1099 -0.0104
vn 0.0000 0.9971 0.0756
vn 0.1598 0.9845 0.0721
vn 0.8142 0.5791 0.0411
vn 0.9999 -0.0102 0.0000
vn -0.0000 0.9983 0.0585
vn 0.0000 0.9983 0.0581
vn 0.1895 0.9802 0.0570
vn 0.1900 0.9801 0.0572
vn 0.8299 0.5570 0.0326
vn 0.8271 0.5612 0.0327
vn 1.0000 -0.0007 0.0000
vn 1.0000 0.0071 0.0054
vn 0.0000 0.9751 0.2220
vn 0.0000 0.9197 0.3927
vn 0.1873 0.9020 0.3891
vn 0.1815 0.9577 0.2233
vn 0.8936 -0.4424 0.0761
vn 0.7505 -0.6608 0.0086
vn 0.5422 -0.8400 0.0213
vn 0.9077 -0.4107 0.0858
vn 0.8936 -0.4424 0.0760
vn 0.8030 0.5725 0.1659
vn 0.8090 0.5205 0.2729
vn 0.9971 0.0032 0.0766
vn 0.9990 0.0132 0.0427
vn 0.8030 0.5725 0.1658
vn -0.0000 0.3762 0.9265
vn 0.2594 0.2773 0.9251
vn 0.2593 0.2773 0.9251
vn 0.8090 0.5206 0.2729
vn 0.6752 0.4149 0.6098
vn 0.8915 -0.1732 0.4185
vn 0.8915 -0.1732 0.4186
vn 0.8191 -0.5690 0.0726
vn 0.8187 -0.5738 0.0195
vn 0.9477 -0.3191 0.0109
vn 0.9463 -0.3168 0.0648
vn 0.4277 -0.9002 0.0820
vn 0.4287 -0.9029 0.0307
vn 0.0000 -0.9962 0.0866
vn 0.0000 -0.9994 0.0339
vn 0.4287 -0.9029 0.0306
vn 0.0000 -0.9690 0.2469
vn 0.4460 -0.8613 0.2433
vn 0.4552 -0.8148 0.3589
vn 0.4552 -0.8148 0.3590
vn 0.0000 -0.9255 0.3787
vn 0.4461 -0.8613 0.2433
vn 0.8192 -0.5303 0.2182
vn 0.8085 -0.5010 0.3087
vn 0.9858 -0.1014 0.1336
vn 0.9422 -0.2178 0.2545
vn 0.9858 -0.1014 0.1337
vn 0.9695 -0.0422 0.2412
vn 0.8554 0.4202 0.3030
vn 0.9313 0.2195 0.2908
vn 0.9695 -0.0422 0.2413
vn 0.1597 0.9845 0.0721
vn 0.0000 0.9983 0.0586
vn 0.8142 0.5791 0.0410
vn 0.8626 0.5060 0.0008
vn 0.1922 0.9756 0.1060
vn -0.0000 0.9946 0.1034
vn 0.0000 0.9750 0.2220
vn 0.9999 -0.0000 0.0153
vn 0.8232 0.5627 0.0757
vn 0.9634 -0.2620 0.0574
vn 0.9590 -0.2784 0.0528
vn 0.8191 -0.5691 0.0726
vn 0.4461 -0.8613 0.2434
vn 0.8192 -0.5304 0.2182
vn 0.4460 -0.8613 0.2434
vn 0.3403 -0.9398 0.0300
vn 0.0998 -0.9944 0.0346
vn 0.7506 -0.6608 0.0086
vn 0.7758 -0.0032 0.6310
vn 0.9921 0.0092 0.1249
vn 0.9945 -0.0079 0.1044
vn 0.9945 -0.0079 0.1043
vn 0.6582 0.0000 0.7528
vn 0.7758 -0.0031 0.6310
vn 0.9962 0.0319 0.0811
vn 0.9965 0.0279 0.0790
vn 0.9965 0.0279 0.0791
vn 0.9945 -0.0080 0.1043
vn 0.8590 0.5039 -0.0906
vn 0.3065 -0.0000 0.9519
vn 0.2563 0.0000 0.9666
vn 0.1582 0.9810 -0.1126
vn 0.1439 0.9842 -0.1032
vn 0.2177 0.9663 -0.1374
vn 0.2278 0.9671 -0.1131
vn 0.1583 0.9810 -0.1126
vn 0.7662 0.0004 0.6426
vn 0.7470 -0.0000 0.6648
vn 0.0000 0.0041 1.0000
vn 0.0000 0.0023 1.0000
vn 0.0000 0.0022 1.0000
vn 0.7470 0.0000 0.6649
vn 0.0630 0.9960 -0.0635
vn -0.0000 0.9946 0.1033
vn 0.8187 -0.5738 0.0196
vn 0.8179 -0.5753 0.0130
vn 0.9477 -0.3191 0.0072
vn 0.4281 -0.9035 0.0204
vn 0.8178 -0.5753 0.0130
vn 0.8187 -0.5739 0.0195
vn 0.0000 -0.9997 0.0226
vn 0.9648 -0.2624 0.0175
vn 0.0001 0.1917 0.9815
vn -0.2006 -0.8908 0.4076
vn 0.1132 -0.9231 0.3675
vn -0.0000 -0.9314 0.3639
vn -0.0001 0.1916 0.9815
vn 0.0000 0.9995 0.0301
vn -0.5547 0.8264 0.0970
vn 0.0000 0.1916 0.9815
vn -0.9130 0.3501 0.2095
vn -0.9130 0.3502 0.2095
vn -0.9505 -0.0704 0.3027
vn -0.6878 -0.6024 0.4052
vn -0.6877 -0.6024 0.4051
vn 0.2640 0.9608 0.0847
vn 0.8601 0.5092 0.0288
vn 0.8298 0.5570 0.0326
vn 0.1873 0.9019 0.3891
vn 0.1815 0.9577 0.2232
vn 0.0000 -0.9995 0.0311
vn -0.0286 -0.9996 0.0067
vn -0.0024 -0.9996 0.0275
vn 0.0997 -0.9944 0.0346
vn 0.0001 -0.9994 0.0357
vn 0.0000 0.3763 0.9265
vn -0.0000 -0.2683 0.9633
vn 0.3416 -0.3511 0.8718
vn 0.0001 0.3763 0.9265
vn 0.6752 0.4150 0.6098
vn 0.0000 0.9979 -0.0645
vn 0.0630 0.9960 -0.0636
vn -0.2641 0.9608 0.0847
vn -0.9699 -0.2413 -0.0340
vn -0.8601 0.5093 0.0288
vn -0.1515 0.9853 0.0789
vn -0.2641 0.9608 0.0846
vn -0.9939 -0.1099 -0.0104
vn -0.7973 0.6025 0.0365
vn -0.7973 0.6025 0.0366
vn -0.1598 0.9845 0.0721
vn -0.9999 -0.0102 -0.0000
vn -0.8142 0.5791 0.0411
vn -0.1900 0.9801 0.0572
vn -0.1895 0.9802 0.0570
vn -0.8271 0.5612 0.0327
vn -0.8299 0.5570 0.0326
vn -1.0000 -0.0007 0.0000
vn -1.0000 0.0071 0.0054
vn -0.1815 0.9577 0.2233
vn -0.1873 0.9020 0.3891
vn -0.8936 -0.4424 0.0760
vn -0.9077 -0.4107 0.0858
vn -0.5422 -0.8400 0.0213
vn -0.7505 -0.6608 0.0086
vn -0.8936 -0.4424 0.0761
vn -0.8030 0.5725 0.1658
vn -0.9990 0.0133 0.0427
vn -0.9971 0.0032 0.0766
vn -0.8090 0.5205 0.2729
vn -0.8030 0.5725 0.1659
vn -0.2593 0.2773 0.9251
vn -0.2594 0.2773 0.9251
vn -0.8090 0.5206 0.2729
vn -0.8915 -0.1732 0.4186
vn -0.8915 -0.1732 0.4185
vn -0.6752 0.4149 0.6098
vn -0.8191 -0.5690 0.0726
vn -0.9463 -0.3168 0.0648
vn -0.9477 -0.3191 0.0109
vn -0.8187 -0.5738 0.0195
vn -0.4277 -0.9002 0.0820
vn -0.4287 -0.9029 0.0307
vn -0.4287 -0.9029 0.0306
vn -0.4552 -0.8148 0.3590
vn -0.4552 -0.8148 0.3589
vn -0.4460 -0.8613 0.2433
vn -0.4461 -0.8613 0.2433
vn -0.8085 -0.5010 0.3087
vn -0.8192 -0.5303 0.2182
vn -0.9422 -0.2178 0.2545
vn -0.9858 -0.1014 0.1336
vn -0.9858 -0.1014 0.1337
vn -0.9695 -0.0422 0.2412
vn -0.8554 0.4202 0.3030
vn -0.9695 -0.0422 0.2413
vn -0.9313 0.2195 0.2908
vn -0.1597 0.9845 0.0721
vn -0.8142 0.5791 0.0410
vn -0.8626 0.5060 0.0008
vn -0.1922 0.9756 0.1060
vn -0.9990 0.0132 0.0427
vn -0.8232 0.5627 0.0757
vn -0.9999 -0.0000 0.0153
vn -0.9590 -0.2784 0.0528
vn -0.9634 -0.2620 0.0574
vn -0.8191 -0.5691 0.0726
vn -0.4460 -0.8613 0.2434
vn -0.8192 -0.5304 0.2182
vn -0.4461 -0.8613 0.2434
vn -0.3403 -0.9398 0.0300
vn -0.0998 -0.9944 0.0346
vn -0.7506 -0.6608 0.0086
vn -0.7758 -0.0031 0.6310
vn -0.6582 0.0000 0.7528
vn -0.9945 -0.0079 0.1044
vn -0.9921 0.0092 0.1249
vn -0.7758 -0.0032 0.6310
vn -0.9945 -0.0080 0.1043
vn -0.9965 0.0279 0.0791
vn -0.9965 0.0279 0.0790
vn -0.9962 0.0319 0.0811
vn -0.8590 0.5039 -0.0906
vn -0.2563 0.0000 0.9666
vn -0.3065 0.0000 0.9519
vn -0.1582 0.9810 -0.1126
vn -0.2279 0.9671 -0.1131
vn -0.2177 0.9663 -0.1374
vn -0.1439 0.9842 -0.1032
vn -0.7470 0.0000 0.6648
vn -0.7662 0.0004 0.6426
vn -0.7470 0.0000 0.6649
vn -0.0630 0.9960 -0.0635
vn -0.9477 -0.3191 0.0072
vn -0.8179 -0.5753 0.0130
vn -0.8187 -0.5738 0.0196
vn -0.8187 -0.5739 0.0195
vn -0.8178 -0.5753 0.0130
vn -0.4281 -0.9035 0.0204
vn -0.9648 -0.2624 0.0175
vn 0.0001 0.1916 0.9815
vn -0.1132 -0.9231 0.3675
vn 0.2006 -0.8908 0.4076
vn -0.0001 0.1917 0.9815
vn 0.5547 0.8264 0.0970
vn 0.9130 0.3501 0.2095
vn 0.9130 0.3502 0.2095
vn 0.9505 -0.0704 0.3027
vn 0.6878 -0.6024 0.4052
vn 0.6877 -0.6024 0.4051
vn -0.8601 0.5092 0.0288
vn -0.2640 0.9608 0.0847
vn -0.8298 0.5570 0.0326
vn -0.1873 0.9019 0.3891
vn -0.1815 0.9577 0.2232
vn 0.0024 -0.9996 0.0275
vn 0.0286 -0.9996 0.0067
vn -0.0001 -0.9994 0.0357
vn -0.0997 -0.9944 0.0346
vn -0.0001 0.3763 0.9265
vn -0.3416 -0.3511 0.8718
vn -0.6752 0.4150 0.6098
vn -0.0630 0.9960 -0.0636
vn 0.2242 -0.9737 0.0405
vn -0.0000 -0.9947 0.1029
vn 0.0000 -0.9988 0.0488
vn 0.2242 -0.9737 0.0404
vn 0.0000 -0.9988 0.0487
vn 0.5279 -0.8489 0.0241
vn 0.2241 -0.9737 0.0405
vn 0.5279 -0.8490 0.0241
vn 0.5905 -0.8067 -0.0250
vn 0.7588 0.0412 -0.6500
vn 0.8207 0.0857 -0.5648
vn 0.0000 0.0301 -0.9995
vn 0.9983 -0.0005 -0.0581
vn 0.9983 -0.0005 -0.0579
vn 0.9765 0.0168 -0.2148
vn 0.9700 -0.0000 -0.2430
vn 0.9068 -0.4165 -0.0650
vn 0.9789 -0.2020 -0.0309
vn 0.8207 0.0857 -0.5649
vn 0.8205 -0.5717 -0.0001
vn 0.9998 0.0216 -0.0003
vn 1.0000 0.0018 -0.0036
vn 1.0000 0.0018 -0.0037
vn 0.8200 -0.5723 -0.0001
vn 0.4318 -0.9019 0.0030
vn 0.8200 -0.5723 -0.0000
vn 0.4295 -0.9031 -0.0000
vn 0.0000 -1.0000 0.0094
vn 0.4319 -0.9019 0.0030
vn 0.0000 0.9983 0.0574
vn 0.4816 0.8730 0.0769
vn 0.1847 0.9810 0.0589
vn 0.0000 0.9998 0.0195
vn 0.0000 0.9984 0.0574
vn 0.5314 0.8428 0.0853
vn 0.1848 0.9810 0.0589
vn 0.8177 0.5739 0.0457
vn 0.9992 0.0393 -0.0054
vn 0.9976 0.0190 0.0665
vn 0.9976 0.0191 0.0665
vn 0.8515 0.5111 0.1171
vn 0.9992 0.0394 -0.0054
vn 0.8275 -0.5597 0.0446
vn 0.8439 -0.5293 0.0876
vn 0.9992 0.0393 -0.0055
vn 0.4457 -0.8918 0.0779
vn 0.4555 -0.8771 0.1523
vn -0.0000 -0.9998 0.0191
vn 0.8176 0.5739 0.0457
vn 0.9075 0.4201 -0.0009
vn 0.9998 0.0216 -0.0004
vn 0.9484 0.3169 -0.0091
vn 1.0000 0.0017 -0.0036
vn 0.5314 0.8428 0.0854
vn 0.9999 -0.0101 -0.0000
vn 0.9595 -0.2816 -0.0001
vn 0.9983 -0.0004 -0.0581
vn 0.9999 -0.0006 -0.0169
vn 0.9999 -0.0006 -0.0170
vn 0.8198 -0.5726 -0.0000
vn 0.4295 -0.9031 -0.0001
vn 0.5525 0.6340 -0.5411
vn -0.0000 -0.9250 -0.3800
vn -0.1374 -0.9073 -0.3973
vn -0.0046 0.0784 -0.9969
vn -0.3826 -0.8186 -0.4284
vn -0.0001 0.0784 -0.9969
vn -0.6518 -0.6076 -0.4540
vn 0.0000 0.0783 -0.9969
vn -0.6518 -0.6076 -0.4539
vn -0.8687 -0.2149 -0.4463
vn -0.8633 0.2951 -0.4095
vn -0.5035 0.8074 -0.3074
vn 0.0000 0.0784 -0.9969
vn 0.0000 0.9643 -0.2648
vn 0.9699 -0.2413 -0.0341
vn 0.9068 -0.4165 -0.0651
vn -0.2241 -0.9737 0.0405
vn -0.5905 -0.8067 -0.0250
vn -0.5279 -0.8490 0.0241
vn -0.2242 -0.9737 0.0404
vn -0.5279 -0.8489 0.0241
vn -0.2242 -0.9737 0.0405
vn -0.7588 0.0412 -0.6500
vn -0.8207 0.0857 -0.5648
vn -0.9983 -0.0005 -0.0581
vn -0.9700 -0.0000 -0.2430
vn -0.9765 0.0168 -0.2148
vn -0.9983 -0.0005 -0.0579
vn -0.9068 -0.4165 -0.0650
vn -0.9789 -0.2020 -0.0309
vn -0.8207 0.0857 -0.5649
vn -0.9765 0.0169 -0.2149
vn -0.8205 -0.5717 -0.0001
vn -0.8200 -0.5723 -0.0000
vn -1.0000 0.0018 -0.0037
vn -1.0000 0.0018 -0.0036
vn -0.9998 0.0216 -0.0004
vn -0.4318 -0.9019 0.0030
vn -0.4295 -0.9031 -0.0000
vn -0.8200 -0.5723 -0.0001
vn -0.4319 -0.9019 0.0030
vn -0.1847 0.9810 0.0589
vn -0.4816 0.8730 0.0769
vn -0.5314 0.8428 0.0854
vn -0.8177 0.5739 0.0457
vn -0.8515 0.5111 0.1171
vn -0.9976 0.0191 0.0665
vn -0.9976 0.0190 0.0665
vn -0.9992 0.0393 -0.0054
vn -0.9992 0.0393 -0.0055
vn -0.8439 -0.5293 0.0876
vn -0.8275 -0.5597 0.0447
vn -0.9992 0.0394 -0.0054
vn -0.8275 -0.5597 0.0446
vn -0.4555 -0.8771 0.1523
vn -0.4457 -0.8918 0.0779
vn -0.9998 0.0216 -0.0003
vn -0.9075 0.4201 -0.0009
vn -0.8176 0.5739 0.0457
vn -0.8205 -0.5717 -0.0000
vn -1.0000 0.0017 -0.0036
vn -0.9484 0.3169 -0.0091
vn -0.9999 -0.0101 -0.0000
vn -0.9595 -0.2816 -0.0001
vn -0.9983 -0.0004 -0.0581
vn -0.9999 -0.0006 -0.0170
vn -0.9999 -0.0006 -0.0169
vn -0.8198 -0.5726 -0.0001
vn -0.8198 -0.5726 -0.0000
vn -0.5525 0.6341 -0.5411
vn 0.1374 -0.9073 -0.3973
vn 0.0001 0.0784 -0.9969
vn 0.3826 -0.8186 -0.4284
vn 0.6518 -0.6076 -0.4540
vn 0.6518 -0.6076 -0.4539
vn 0.8687 -0.2149 -0.4463
vn 0.8633 0.2951 -0.4095
vn 0.5035 0.8074 -0.3074
vn -0.9699 -0.2413 -0.0341
vn -0.9068 -0.4165 -0.0651
vn 1.0000 -0.0006 -0.0001
vn 0.9476 -0.3191 0.0156
vn 0.8236 -0.5664 0.0278
vn 0.8154 -0.5782 0.0283
vn 0.8236 -0.5665 0.0278
vn 0.4319 -0.9008 0.0442
vn 0.4264 -0.9035 0.0443
vn 0.8154 -0.5782 0.0284
vn 0.4263 -0.9035 0.0443
vn 0.0000 -0.9988 0.0490
vn -0.4263 -0.9035 0.0443
vn -0.4319 -0.9008 0.0442
vn -0.8154 -0.5782 0.0284
vn -0.4264 -0.9035 0.0443
vn -0.8236 -0.5665 0.0278
vn -0.8154 -0.5782 0.0283
vn -0.9476 -0.3191 0.0156
vn -0.8236 -0.5664 0.0278
vn -1.0000 -0.0006 -0.0001
vn 0.6787 0.7230 -0.1286
vn 0.3561 0.8690 -0.3436
vn -0.6787 0.7230 -0.1286
vn 0.0000 -0.7071 0.7071
vn 0.0000 -0.7071 -0.7071
vn 0.0000 0.7071 0.7071
vn 0.0000 0.0871 0.9962
vn 0.0000 -0.0872 -0.9962
vn 0.0000 0.5736 -0.8192
vn 0.0000 -0.5736 0.8191
vn 0.0000 -0.8191 -0.5736
vn 0.0000 0.8192 0.5736
vn -0.7659 0.6427 -0.0167
vn -0.7659 0.6427 -0.0168
vn 0.6427 0.7659 -0.0167
vn 0.6427 0.7659 -0.0168
vn -0.6427 -0.7659 -0.0167
vn -0.6427 -0.7659 -0.0168
vn -0.7660 0.6427 -0.0168
vn 0.7659 -0.6427 -0.0167
vn 0.7659 -0.6427 -0.0168
vn -0.6427 -0.7660 -0.0168
vn -0.0871 0.9961 -0.0140
vn -0.0870 0.9961 -0.0140
vn -0.9961 -0.0871 -0.0140
vn -0.9961 -0.0873 -0.0140
vn 0.0871 -0.9961 -0.0140
vn 0.0870 -0.9961 -0.0140
vn 0.9961 0.0871 -0.0140
vn 0.9961 0.0870 -0.0140
vn -0.7745 0.6326 -0.0000
vn -0.8230 0.5680 -0.0091
vn -0.7081 0.0405 0.7050
vn -0.7894 0.0295 0.6132
vn 0.7465 0.0730 -0.6613
vn 0.8034 0.0628 -0.5921
vn 0.8173 0.5763 0.0000
vn 0.8605 0.5093 0.0095
vn -1.0000 0.0011 -0.0045
vn -0.9999 -0.0002 -0.0109
vn -1.0000 0.0006 -0.0089
vn -1.0000 0.0006 -0.0088
vn -1.0000 0.0038 -0.0030
vn 0.9999 0.0133 0.0086
vn 0.9998 0.0143 0.0111
vn 0.9999 0.0127 0.0032
vn 0.9999 0.0126 0.0031
vn 0.9999 0.0105 0.0016
vn -0.8300 0.0487 -0.5557
vn -0.7268 0.0684 -0.6834
vn -0.6963 0.0361 0.7169
vn 0.8457 0.0362 0.5324
vn 0.7689 0.0470 0.6377
vn 0.5239 0.6586 -0.5401
vn 0.5760 0.6386 -0.5103
vn -1.0000 0.0013 -0.0019
vn -1.0000 0.0006 -0.0028
vn -1.0000 0.0043 -0.0012
vn -1.0000 0.0044 -0.0012
vn -1.0000 0.0047 -0.0007
vn -1.0000 0.0013 -0.0020
vn 0.9999 0.0109 0.0003
vn 0.9999 0.0133 0.0015
vn 0.9999 0.0129 0.0007
vn 0.9999 0.0131 0.0008
vn 0.9999 0.0109 0.0000
vn 0.9999 0.0110 0.0005
vn -0.2446 0.9305 -0.2727
vn -0.1824 0.9428 -0.2789
vn 0.7571 0.0476 0.6516
vn 0.7383 0.0435 0.6731
vn -0.6773 0.0372 0.7348
vn -0.6961 0.0412 0.7167
vn 0.2014 0.9395 -0.2772
vn 0.2626 0.9262 -0.2707
vn -1.0000 0.0008 -0.0028
vn -1.0000 0.0011 -0.0046
vn -1.0000 0.0007 -0.0029
vn 0.9999 0.0104 0.0016
vn 0.9999 0.0127 0.0031
vn 0.9999 0.0134 0.0016
vn 0.9999 0.0134 0.0015
vn 0.9999 0.0110 0.0003
vn -0.5550 0.6478 -0.5219
vn -0.4966 0.6685 -0.5537
vn 0.7573 0.0424 0.6517
vn -0.0871 -0.9961 0.0140
vn -0.0870 -0.9961 0.0140
vn -0.9961 0.0871 0.0140
vn -0.9961 0.0870 0.0140
vn 0.0871 0.9961 0.0140
vn 0.0870 0.9961 0.0140
vn 0.9961 -0.0871 0.0140
vn 0.9961 -0.0870 0.0140
vn 0.7745 -0.6326 -0.0000
vn 0.8230 -0.5680 -0.0091
vn 0.5716 0.5910 0.5691
vn 0.0348 0.6936 0.7195
vn -0.5404 -0.6918 -0.4788
vn -0.8806 -0.3814 -0.2813
vn -0.8173 -0.5762 0.0000
vn -0.8605 -0.5093 0.0095
vn 1.0000 -0.0066 -0.0048
vn 0.9999 -0.0123 -0.0109
vn 0.9999 -0.0118 -0.0089
vn 1.0000 -0.0057 -0.0028
vn -0.9997 -0.0211 0.0087
vn -0.9997 -0.0205 0.0111
vn -0.9998 -0.0188 0.0035
vn -0.9999 -0.0127 0.0014
vn -0.9997 -0.0211 0.0086
vn 0.8916 -0.3552 -0.2810
vn 0.5243 -0.6942 -0.4931
vn 0.6963 -0.0360 0.7169
vn 0.7081 -0.0405 0.7050
vn 0.0921 0.6915 0.7164
vn -0.6467 0.5424 0.5363
vn -0.5239 -0.6587 -0.5401
vn -0.5759 -0.6387 -0.5103
vn 1.0000 -0.0013 -0.0019
vn 1.0000 -0.0007 -0.0028
vn 1.0000 -0.0044 -0.0012
vn 1.0000 -0.0043 -0.0012
vn 1.0000 -0.0047 -0.0007
vn 1.0000 -0.0013 -0.0020
vn -0.9999 -0.0110 0.0003
vn -0.9999 -0.0135 0.0013
vn -0.9999 -0.0131 0.0008
vn -0.9999 -0.0109 0.0000
vn 0.2446 -0.9305 -0.2727
vn 0.1824 -0.9428 -0.2789
vn -0.7571 -0.0476 0.6515
vn -0.7383 -0.0435 0.6731
vn 0.6773 -0.0372 0.7347
vn 0.6961 -0.0412 0.7167
vn -0.2014 -0.9395 -0.2772
vn -0.2626 -0.9262 -0.2707
vn 1.0000 -0.0007 -0.0029
vn 1.0000 -0.0056 -0.0027
vn -0.9999 -0.0133 0.0015
vn -0.9999 -0.0109 0.0004
vn 0.5549 -0.6479 -0.5219
vn 0.4965 -0.6685 -0.5537
vn -0.7689 -0.0470 0.6377
vn -0.7573 -0.0424 0.6517
vn -0.9961 0.0873 0.0140
vn 0.0873 0.9961 0.0140
vn -0.0873 -0.9961 0.0140
vn -0.6326 -0.7745 -0.0000
vn -0.5679 -0.8230 -0.0091
vn 0.5911 -0.5716 0.5691
vn 0.6936 -0.0347 0.7195
vn -0.6918 0.5404 -0.4788
vn -0.3815 0.8805 -0.2813
vn -0.5762 0.8173 0.0000
vn -0.5093 0.8605 0.0095
vn -0.0066 -1.0000 -0.0048
vn -0.0123 -0.9999 -0.0109
vn -0.0118 -0.9999 -0.0089
vn -0.0057 -1.0000 -0.0027
vn -0.0211 0.9997 0.0086
vn -0.0205 0.9997 0.0111
vn -0.0187 0.9998 0.0035
vn -0.0188 0.9998 0.0035
vn -0.0127 0.9999 0.0014
vn -0.3551 -0.8916 -0.2810
vn -0.6942 -0.5243 -0.4931
vn -0.0361 -0.6963 0.7169
vn -0.0405 -0.7081 0.7050
vn 0.6915 -0.0921 0.7164
vn 0.5424 0.6467 0.5363
vn -0.6587 0.5239 -0.5401
vn -0.6387 0.5759 -0.5103
vn -0.0013 -1.0000 -0.0019
vn -0.0007 -1.0000 -0.0028
vn -0.0044 -1.0000 -0.0012
vn -0.0047 -1.0000 -0.0007
vn -0.0013 -1.0000 -0.0020
vn -0.0110 0.9999 0.0003
vn -0.0137 0.9999 0.0010
vn -0.0132 0.9999 0.0008
vn -0.0130 0.9999 0.0008
vn -0.0109 0.9999 0.0000
vn -0.9305 -0.2446 -0.2727
vn -0.9428 -0.1823 -0.2789
vn -0.0476 0.7571 0.6516
vn -0.0435 0.7384 0.6730
vn -0.0372 -0.6774 0.7347
vn -0.0412 -0.6961 0.7167
vn -0.9395 0.2015 -0.2772
vn -0.9262 0.2626 -0.2707
vn -0.0057 -1.0000 -0.0028
vn -0.0058 -1.0000 -0.0028
vn -0.0043 -1.0000 -0.0012
vn -0.0007 -1.0000 -0.0029
vn -0.0133 0.9999 0.0015
vn -0.0134 0.9999 0.0015
vn -0.6478 -0.5549 -0.5219
vn -0.6685 -0.4966 -0.5537
vn -0.0470 0.7689 0.6377
vn -0.0424 0.7573 0.6517
vn 0.9961 0.0873 0.0140
vn 0.9961 0.0871 0.0140
vn -0.0873 0.9961 0.0140
vn -0.0871 0.9961 0.0140
vn -0.9961 -0.0870 0.0140
vn -0.9961 -0.0871 0.0140
vn 0.0870 -0.9961 0.0140
vn 0.0871 -0.9961 0.0140
vn 0.5679 -0.8230 -0.0091
vn 0.6326 -0.7745 -0.0000
vn -0.6936 -0.0347 0.7195
vn -0.5911 -0.5716 0.5691
vn 0.3815 0.8805 -0.2813
vn 0.6918 0.5404 -0.4788
vn 0.5093 0.8605 0.0095
vn 0.5762 0.8173 0.0000
vn 0.0066 -1.0000 -0.0048
vn 0.0057 -1.0000 -0.0027
vn 0.0118 -0.9999 -0.0089
vn 0.0123 -0.9999 -0.0109
vn 0.0211 0.9997 0.0086
vn 0.0127 0.9999 0.0014
vn 0.0188 0.9998 0.0035
vn 0.0187 0.9998 0.0035
vn 0.0205 0.9997 0.0111
vn 0.6942 -0.5243 -0.4931
vn 0.3551 -0.8916 -0.2810
vn 0.0405 -0.7081 0.7050
vn 0.0361 -0.6963 0.7169
vn -0.5424 0.6467 0.5363
vn -0.6915 -0.0921 0.7164
vn 0.6387 0.5759 -0.5103
vn 0.6587 0.5239 -0.5401
vn 0.0013 -1.0000 -0.0020
vn 0.0047 -1.0000 -0.0007
vn 0.0044 -1.0000 -0.0012
vn 0.0007 -1.0000 -0.0028
vn 0.0013 -1.0000 -0.0019
vn 0.0109 0.9999 0.0000
vn 0.0130 0.9999 0.0008
vn 0.0131 0.9999 0.0008
vn 0.0135 0.9999 0.0013
vn 0.0110 0.9999 0.0003
vn 0.9428 -0.1823 -0.2789
vn 0.9305 -0.2446 -0.2727
vn 0.0435 0.7384 0.6730
vn 0.0476 0.7571 0.6516
vn 0.0412 -0.6961 0.7167
vn 0.0372 -0.6774 0.7347
vn 0.9262 0.2626 -0.2707
vn 0.9395 0.2015 -0.2772
vn 0.0007 -1.0000 -0.0029
vn 0.0043 -1.0000 -0.0012
vn 0.0058 -1.0000 -0.0028
vn 0.0057 -1.0000 -0.0028
vn 0.0134 0.9999 0.0015
vn 0.0133 0.9999 0.0015
vn 0.6685 -0.4966 -0.5537
vn 0.6478 -0.5549 -0.5219
vn 0.0424 0.7573 0.6517
vn 0.0470 0.7689 0.6377
vn -0.8283 -0.5114 -0.2290
vn -0.6964 -0.6834 -0.2190
vn 0.3964 -0.6506 0.6477
vn 0.4333 -0.5036 0.7474
vn -0.6495 0.6436 -0.4049
vn -0.5512 0.7564 -0.3521
vn -0.7160 0.6695 -0.1979
vn -0.7333 0.6477 -0.2066
vn -0.0093 -0.9999 -0.0071
vn -0.0141 -0.9997 -0.0210
vn -0.0143 -0.9998 -0.0150
vn -0.0062 -1.0000 -0.0030
vn -0.0093 -0.9999 -0.0072
vn -0.0363 0.9993 0.0049
vn -0.0363 0.9993 0.0063
vn -0.0257 0.9997 0.0032
vn -0.0124 0.9999 0.0015
vn -0.5218 -0.7751 -0.3562
vn -0.6486 -0.6334 -0.4221
vn 0.1524 -0.6886 0.7089
vn 0.1464 -0.7011 0.6979
vn 0.4023 0.5534 0.7293
vn 0.3424 0.7232 0.5998
vn -0.6570 0.6164 -0.4340
vn -0.6338 0.6547 -0.4119
vn -0.0004 -1.0000 -0.0019
vn -0.0001 -1.0000 -0.0029
vn -0.0075 -1.0000 -0.0010
vn -0.0076 -1.0000 -0.0010
vn -0.0086 -1.0000 -0.0007
vn -0.0005 -1.0000 -0.0019
vn -0.0195 0.9998 0.0002
vn -0.0198 0.9998 0.0015
vn -0.0267 0.9996 0.0008
vn -0.0268 0.9996 0.0008
vn -0.0217 0.9998 0.0000
vn -0.9605 -0.2216 -0.1684
vn -0.9365 -0.3122 -0.1595
vn -0.5887 0.6127 0.5273
vn -0.5953 0.5939 0.5413
vn -0.6190 -0.5323 0.5775
vn -0.6144 -0.5497 0.5660
vn -0.9275 0.3395 -0.1566
vn -0.9570 0.2373 -0.1671
vn -0.0000 -1.0000 -0.0029
vn -0.0123 0.9999 0.0016
vn -0.0197 0.9998 0.0015
vn -0.6466 -0.6348 -0.4231
vn -0.6723 -0.5894 -0.4479
vn 0.1255 0.7637 0.6333
vn 0.1321 0.7513 0.6466
vn 0.6964 -0.6834 -0.2190
vn 0.8283 -0.5114 -0.2290
vn -0.4333 -0.5036 0.7474
vn -0.3964 -0.6506 0.6477
vn 0.5512 0.7564 -0.3521
vn 0.6495 0.6436 -0.4049
vn 0.7333 0.6477 -0.2066
vn 0.7160 0.6695 -0.1979
vn 0.0093 -0.9999 -0.0072
vn 0.0062 -1.0000 -0.0030
vn 0.0143 -0.9998 -0.0150
vn 0.0141 -0.9997 -0.0210
vn 0.0093 -0.9999 -0.0071
vn 0.0363 0.9993 0.0049
vn 0.0124 0.9999 0.0015
vn 0.0257 0.9997 0.0032
vn 0.0363 0.9993 0.0063
vn 0.0363 0.9993 0.0050
vn 0.6486 -0.6334 -0.4221
vn 0.5218 -0.7751 -0.3562
vn -0.1464 -0.7011 0.6979
vn -0.1524 -0.6886 0.7089
vn -0.3424 0.7232 0.5998
vn -0.4023 0.5534 0.7293
vn 0.6338 0.6547 -0.4119
vn 0.6570 0.6164 -0.4340
vn 0.0005 -1.0000 -0.0019
vn 0.0086 -1.0000 -0.0007
vn 0.0076 -1.0000 -0.0010
vn 0.0075 -1.0000 -0.0010
vn 0.0001 -1.0000 -0.0029
vn 0.0004 -1.0000 -0.0019
vn 0.0195 0.9998 0.0002
vn 0.0217 0.9998 0.0000
vn 0.0268 0.9996 0.0008
vn 0.0267 0.9996 0.0008
vn 0.0198 0.9998 0.0015
vn 0.9365 -0.3122 -0.1595
vn 0.9605 -0.2216 -0.1684
vn 0.5953 0.5939 0.5413
vn 0.5887 0.6127 0.5273
vn 0.6144 -0.5497 0.5660
vn 0.6190 -0.5323 0.5775
vn 0.9570 0.2373 -0.1671
vn 0.9275 0.3395 -0.1566
vn 0.0197 0.9998 0.0015
vn 0.0123 0.9999 0.0015
vn 0.6723 -0.5894 -0.4479
vn 0.6466 -0.6348 -0.4231
vn -0.1321 0.7513 0.6466
vn -0.1255 0.7637 0.6333
vn 0.0000 -0.2839 0.9588
vn -0.2805 -0.3484 0.8944
vn -0.4539 -0.5171 0.7257
vn -0.4539 -0.7257 0.5171
vn -0.2805 -0.8944 0.3484
vn 0.0000 -0.9588 0.2839
vn 0.2805 -0.8944 0.3484
vn 0.4539 -0.7257 0.5171
vn 0.4539 -0.5171 0.7257
vn 0.2805 -0.3484 0.8944
vn -0.3447 -0.2372 0.9082
vn 0.0000 -0.1580 0.9874
vn -0.5578 -0.4446 0.7009
vn -0.5578 -0.7009 0.4446
vn -0.3447 -0.9082 0.2372
vn 0.0000 -0.9874 0.1580
vn 0.0000 -0.9589 0.2839
vn 0.3447 -0.9082 0.2372
vn 0.5578 -0.7009 0.4446
vn 0.5578 -0.4446 0.7009
vn 0.3447 -0.2372 0.9082
vn -0.0000 0.7071 -0.7071
vn 0.2411 0.4103 -0.8795
vn 0.0000 0.3549 -0.9349
vn 0.3901 0.5553 -0.7345
vn 0.3901 0.7345 -0.5553
vn 0.2411 0.8795 -0.4103
vn -0.0000 0.9349 -0.3549
vn -0.2411 0.8795 -0.4103
vn -0.3901 0.7345 -0.5553
vn -0.3901 0.5553 -0.7345
vn -0.2411 0.4103 -0.8795
vn 0.2807 0.3481 -0.8944
vn -0.0000 0.2836 -0.9589
vn 0.4541 0.5169 -0.7256
vn 0.2807 0.3481 -0.8945
vn 0.4541 0.5170 -0.7256
vn 0.4541 0.7256 -0.5169
vn 0.3900 0.5553 -0.7345
vn 0.2807 0.8944 -0.3481
vn 0.0000 0.9589 -0.2836
vn -0.2807 0.8944 -0.3481
vn -0.2807 0.8945 -0.3481
vn -0.4541 0.7256 -0.5169
vn -0.4541 0.5169 -0.7256
vn -0.2807 0.3481 -0.8945
vn -0.4541 0.5170 -0.7256
vn -0.2807 0.3481 -0.8944
usemtl plane
s 1
f 1/1/1 2/2/2 3/3/3
f 4/4/3 5/5/4 6/6/1
f 7/7/5 8/8/6 9/9/7
f 10/10/8 11/11/9 12/12/10
f 13/13/11 14/14/12 15/15/13
f 16/16/13 17/17/14 18/18/11
f 19/19/11 20/20/15 21/21/4
f 22/22/4 23/23/12 24/24/16
f 25/25/17 26/26/3 27/27/18
f 28/28/19 29/29/20 30/30/21
f 31/31/22 32/32/13 33/33/7
f 34/34/10 35/35/23 36/36/24
f 37/37/6 38/38/5 39/39/25
f 40/40/26 41/41/14 42/42/6
f 43/43/1 44/44/27 45/45/28
f 46/46/28 47/47/2 48/48/15
f 49/49/29 50/50/16 51/51/14
f 52/52/14 53/53/25 54/54/30
f 55/55/16 56/56/30 57/57/27
f 58/58/27 59/59/1 60/60/16
f 61/61/31 62/62/28 63/63/32
f 64/64/32 65/65/33 66/66/2
f 67/67/9 68/68/32 69/69/24
f 70/70/6 71/71/14 72/72/13
f 73/73/34 74/74/34 75/75/35
f 76/76/35 77/77/35 78/78/34
f 79/79/36 80/80/37 81/81/38
f 82/82/38 83/83/39 84/84/36
f 85/85/40 86/86/41 87/87/41
f 88/88/41 89/89/42 90/90/40
f 91/91/41 92/92/40 93/93/43
f 94/94/43 95/95/44 96/96/41
f 97/97/45 98/98/46 99/99/47
f 100/100/47 101/101/48 102/102/45
f 103/103/34 104/104/34 105/105/49
f 106/106/49 107/107/50 108/108/34
f 109/109/44 110/110/43 111/111/51
f 112/112/52 113/113/53 114/114/44
f 115/115/54 116/116/55 117/117/56
f 118/118/56 119/119/57 120/120/58
f 121/121/50 122/122/49 123/123/59
f 124/124/59 125/125/60 126/126/50
f 127/127/61 128/128/52 129/129/62
f 130/130/63 131/131/64 132/132/53
f 133/133/65 134/134/56 135/135/66
f 136/136/66 137/137/67 138/138/68
f 139/139/60 140/140/59 141/141/69
f 142/142/69 143/143/70 144/144/60
f 145/145/71 146/146/72 147/147/62
f 148/148/62 149/149/73 150/150/71
f 151/151/74 152/152/66 153/153/75
f 154/154/75 155/155/76 156/156/74
f 157/157/70 158/158/77 159/159/78
f 160/160/78 161/161/79 162/162/70
f 163/163/71 164/164/80 165/165/81
f 166/166/76 167/167/75 168/168/82
f 169/169/83 170/170/80 171/171/76
f 172/172/79 173/173/84 174/174/85
f 175/175/85 176/176/86 177/177/79
f 178/178/87 179/179/81 180/180/88
f 181/181/80 182/182/89 183/183/90
f 184/184/86 185/185/85 186/186/91
f 187/187/92 188/188/92 189/189/93
f 190/190/93 191/191/93 192/192/92
f 193/193/94 194/194/95 195/195/96
f 196/196/97 197/197/98 198/198/94
f 199/199/42 200/200/41 201/201/41
f 202/202/41 203/203/99 204/204/42
f 205/205/93 206/206/93 207/207/100
f 208/208/100 209/209/100 210/210/93
f 211/211/101 212/212/102 213/213/103
f 214/214/103 215/215/104 216/216/101
f 217/217/99 218/218/41 219/219/41
f 220/220/41 221/221/105 222/222/106
f 223/223/107 224/224/107 225/225/108
f 226/226/108 227/227/109 228/228/107
f 229/229/104 230/230/110 231/231/111
f 232/232/112 233/233/113 234/234/104
f 235/235/105 236/236/41 237/237/41
f 238/238/41 239/239/114 240/240/105
f 241/241/109 242/242/108 243/243/115
f 244/244/115 245/245/116 246/246/117
f 247/247/113 248/248/111 249/249/118
f 250/250/118 251/251/119 252/252/113
f 253/253/120 254/254/41 255/255/121
f 256/256/121 257/257/122 258/258/114
f 259/259/123 260/260/124 261/261/125
f 262/262/126 263/263/127 264/264/128
f 265/265/129 266/266/130 267/267/126
f 268/268/131 269/269/132 270/270/133
f 271/271/133 272/272/134 273/273/135
f 274/274/136 275/275/133 276/276/137
f 277/277/137 278/278/138 279/279/134
f 280/280/139 281/281/137 282/282/140
f 283/283/140 284/284/141 285/285/142
f 286/286/141 287/287/140 288/288/143
f 289/289/143 290/290/144 291/291/145
f 292/292/144 293/293/146 294/294/147
f 295/295/147 296/296/148 297/297/144
f 298/298/149 299/299/150 300/300/123
f 301/301/123 302/302/151 303/303/149
f 304/304/152 305/305/153 306/306/126
f 307/307/126 308/308/154 309/309/132
f 310/310/155 311/311/156 312/312/157
f 313/313/157 314/314/128 315/315/127
f 316/316/107 317/317/100 318/318/100
f 319/319/100 320/320/107 321/321/107
f 322/322/105 323/323/41 324/324/41
f 325/325/158 326/326/159 327/327/160
f 328/328/160 329/329/161 330/330/158
f 331/331/159 332/332/162 333/333/163
f 334/334/164 335/335/160 336/336/159
f 337/337/162 338/338/165 339/339/166
f 340/340/166 341/341/164 342/342/162
f 343/343/165 344/344/167 345/345/168
f 346/346/168 347/347/166 348/348/165
f 349/349/169 350/350/170 351/351/171
f 352/352/170 353/353/172 354/354/173
f 355/355/172 356/356/174 357/357/173
f 358/358/174 359/359/175 360/360/173
f 361/361/169 362/362/176 363/363/160
f 364/364/160 365/365/170 366/366/169
f 367/367/170 368/368/160 369/369/163
f 370/370/163 371/371/172 372/372/170
f 373/373/172 374/374/164 375/375/166
f 376/376/166 377/377/174 378/378/172
f 379/379/177 380/380/166 381/381/178
f 382/382/168 383/383/175 384/384/174
f 385/385/179 386/386/179 387/387/179
f 388/388/179 389/389/179 390/390/179
f 391/391/179 392/392/179 393/393/179
f 394/394/180 395/395/180 396/396/180
f 397/397/181 398/398/182 399/399/183
f 400/400/183 401/401/184 402/402/181
f 403/403/185 404/404/186 405/405/187
f 406/406/187 407/407/188 408/408/189
f 409/409/184 410/410/190 411/411/191
f 412/412/191 413/413/192 414/414/193
f 415/415/194 416/416/195 417/417/196
f 418/418/196 419/419/197 420/420/194
f 421/421/198 422/422/199 423/423/200
f 424/424/200 425/425/201 426/426/202
f 427/427/188 428/428/190 429/429/203
f 430/430/203 431/431/204 432/432/188
f 433/433/205 434/434/206 435/435/207
f 436/436/208 437/437/209 438/438/205
f 439/439/210 440/440/211 441/441/191
f 442/442/191 443/443/187 444/444/210
f 445/445/196 446/446/212 447/447/213
f 448/448/213 449/449/182 450/450/196
f 451/451/214 452/452/215 453/453/216
f 454/454/217 455/455/218 456/456/186
f 457/457/217 458/458/186 459/459/204
f 460/460/214 461/461/219 462/462/220
f 463/463/205 464/464/212 465/465/196
f 466/466/196 467/467/206 468/468/205
f 469/469/221 470/470/222 471/471/184
f 472/472/184 473/473/183 474/474/223
f 475/475/221 476/476/224 477/477/220
f 478/478/220 479/479/189 480/480/203
f 481/481/194 482/482/225 483/483/226
f 484/484/227 485/485/195 486/486/211
f 487/487/203 488/488/183 489/489/228
f 490/490/228 491/491/224 492/492/223
f 493/493/229 494/494/199 495/495/230
f 496/496/215 497/497/231 498/498/200
f 499/499/197 500/500/196 501/501/182
f 502/502/182 503/503/181 504/504/197
f 505/505/187 506/506/232 507/507/226
f 508/508/227 509/509/210 510/510/187
f 511/511/233 512/512/194 513/513/197
f 514/514/197 515/515/181 516/516/191
f 517/517/191 518/518/222 519/519/188
f 520/520/188 521/521/187 522/522/191
f 523/523/183 524/524/182 525/525/213
f 526/526/213 527/527/234 528/528/201
f 529/529/183 530/530/213 531/531/201
f 532/532/235 533/533/183 534/534/201
f 535/535/236 536/536/209 537/537/208
f 538/538/226 539/539/232 540/540/236
f 541/541/157 542/542/156 543/543/237
f 544/544/237 545/545/238 546/546/157
f 547/547/238 548/548/237 549/549/239
f 550/550/239 551/551/240 552/552/238
f 553/553/186 554/554/232 555/555/241
f 556/556/218 557/557/236 558/558/232
f 559/559/232 560/560/186 561/561/218
f 562/562/242 563/563/243 564/564/235
f 565/565/228 566/566/201 567/567/229
f 568/568/244 569/569/229 570/570/217
f 571/571/217 572/572/220 573/573/244
f 574/574/76 575/575/80 576/576/73
f 577/577/37 578/578/245 579/579/246
f 580/580/246 581/581/247 582/582/37
f 583/583/46 584/584/45 585/585/245
f 586/586/245 587/587/37 588/588/46
f 589/589/248 590/590/54 591/591/57
f 592/592/57 593/593/52 594/594/248
f 595/595/52 596/596/57 597/597/67
f 598/598/74 599/599/62 600/600/52
f 601/601/249 602/602/67 603/603/76
f 604/604/76 605/605/73 606/606/249
f 607/607/250 608/608/102 609/609/251
f 610/610/102 611/611/99 612/612/105
f 613/613/105 614/614/103 615/615/102
f 616/616/110 617/617/105 618/618/252
f 619/619/253 620/620/111 621/621/254
f 622/622/111 623/623/252 624/624/255
f 625/625/122 626/626/118 627/627/111
f 628/628/71 629/629/73 630/630/80
f 631/631/256 632/632/257 633/633/258
f 634/634/258 635/635/259 636/636/256
f 637/637/5 638/638/7 639/639/260
f 640/640/261 641/641/262 642/642/263
f 643/643/264 644/644/265 645/645/266
f 646/646/266 647/647/267 648/648/264
f 649/649/268 650/650/267 651/651/257
f 652/652/257 653/653/269 654/654/264
f 655/655/270 656/656/271 657/657/272
f 658/658/273 659/659/258 660/660/274
f 661/661/275 662/662/7 663/663/266
f 664/664/262 665/665/24 666/666/276
f 667/667/260 668/668/265 669/669/26
f 670/670/25 671/671/5 672/672/260
f 673/673/269 674/674/277 675/675/28
f 676/676/28 677/677/27 678/678/256
f 679/679/30 680/680/25 681/681/265
f 682/682/265 683/683/268 684/684/29
f 685/685/268 686/686/256 687/687/27
f 688/688/27 689/689/30 690/690/268
f 691/691/277 692/692/278 693/693/32
f 694/694/32 695/695/28 696/696/259
f 697/697/263 698/698/24 699/699/32
f 700/700/260 701/701/266 702/702/265
f 703/703/34 704/704/35 705/705/35
f 706/706/35 707/707/34 708/708/34
f 709/709/36 710/710/39 711/711/279
f 712/712/279 713/713/280 714/714/36
f 715/715/281 716/716/282 717/717/283
f 718/718/283 719/719/283 720/720/281
f 721/721/283 722/722/284 723/723/285
f 724/724/285 725/725/281 726/726/283
f 727/727/47 728/728/286 729/729/287
f 730/730/287 731/731/48 732/732/47
f 733/733/34 734/734/50 735/735/49
f 736/736/49 737/737/34 738/738/34
f 739/739/284 740/740/288 741/741/289
f 742/742/290 743/743/285 744/744/284
f 745/745/291 746/746/292 747/747/56
f 748/748/56 749/749/55 750/750/293
f 751/751/50 752/752/60 753/753/59
f 754/754/59 755/755/49 756/756/50
f 757/757/288 758/758/294 759/759/295
f 760/760/296 761/761/289 762/762/297
f 763/763/298 764/764/299 765/765/66
f 766/766/66 767/767/56 768/768/300
f 769/769/60 770/770/70 771/771/69
f 772/772/69 773/773/59 774/774/60
f 775/775/301 776/776/302 777/777/296
f 778/778/296 779/779/303 780/780/301
f 781/781/304 782/782/305 783/783/75
f 784/784/75 785/785/66 786/786/304
f 787/787/70 788/788/79 789/789/78
f 790/790/78 791/791/77 792/792/70
f 793/793/301 794/794/306 795/795/307
f 796/796/305 797/797/307 798/798/83
f 799/799/82 800/800/75 801/801/305
f 802/802/79 803/803/86 804/804/308
f 805/805/308 806/806/84 807/807/79
f 808/808/87 809/809/309 810/810/306
f 811/811/307 812/812/90 813/813/89
f 814/814/86 815/815/91 816/816/308
f 817/817/92 818/818/93 819/819/93
f 820/820/93 821/821/92 822/822/92
f 823/823/310 824/824/311 825/825/97
f 826/826/96 827/827/95 828/828/310
f 829/829/282 830/830/312 831/831/283
f 832/832/283 833/833/283 834/834/282
f 835/835/93 836/836/100 837/837/100
f 838/838/100 839/839/93 840/840/93
f 841/841/101 842/842/104 843/843/313
f 844/844/313 845/845/314 846/846/101
f 847/847/315 848/848/316 849/849/283
f 850/850/283 851/851/283 852/852/312
f 853/853/107 854/854/317 855/855/108
f 856/856/108 857/857/107 858/858/107
f 859/859/104 860/860/113 861/861/318
f 862/862/319 863/863/320 864/864/104
f 865/865/316 866/866/321 867/867/283
f 868/868/283 869/869/283 870/870/316
f 871/871/322 872/872/323 873/873/115
f 874/874/115 875/875/108 876/876/317
f 877/877/113 878/878/119 879/879/324
f 880/880/324 881/881/325 882/882/113
f 883/883/321 884/884/326 885/885/327
f 886/886/327 887/887/283 888/888/328
f 889/889/329 890/890/330 891/891/124
f 892/892/331 893/893/332 894/894/333
f 895/895/334 896/896/335 897/897/331
f 898/898/336 899/899/337 900/900/338
f 901/901/338 902/902/339 903/903/340
f 904/904/337 905/905/341 906/906/342
f 907/907/342 908/908/338 909/909/343
f 910/910/344 911/911/345 912/912/346
f 913/913/346 914/914/342 915/915/347
f 916/916/348 917/917/349 918/918/350
f 919/919/350 920/920/346 921/921/345
f 922/922/349 923/923/351 924/924/352
f 925/925/352 926/926/350 927/927/349
f 928/928/353 929/929/354 930/930/329
f 931/931/329 932/932/355 933/933/353
f 934/934/339 935/935/356 936/936/331
f 937/937/331 938/938/340 939/939/339
f 940/940/335 941/941/334 942/942/357
f 943/943/357 944/944/358 945/945/359
f 946/946/107 947/947/107 948/948/100
f 949/949/100 950/950/100 951/951/107
f 952/952/316 953/953/283 954/954/283
f 955/955/360 956/956/361 957/957/362
f 958/958/362 959/959/363 960/960/360
f 961/961/363 962/962/362 963/963/364
f 964/964/365 965/965/366 966/966/363
f 967/967/366 968/968/364 969/969/367
f 970/970/367 971/971/368 972/972/366
f 973/973/368 974/974/367 975/975/168
f 976/976/168 977/977/167 978/978/368
f 979/979/369 980/980/370 981/981/371
f 982/982/371 983/983/173 984/984/372
f 985/985/372 986/986/173 987/987/373
f 988/988/373 989/989/173 990/990/175
f 991/991/369 992/992/371 993/993/362
f 994/994/362 995/995/374 996/996/375
f 997/997/371 998/998/372 999/999/365
f 1000/1000/365 1001/1001/362 1002/1002/371
f 1003/1003/372 1004/1004/373 1005/1005/367
f 1006/1006/367 1007/1007/364 1008/1008/372
f 1009/1009/373 1010/1010/175 1011/1011/168
f 1012/1012/178 1013/1013/367 1014/1014/376
f 1015/1015/180 1016/1016/180 1017/1017/180
f 1018/1018/179 1019/1019/179 1020/1020/179
f 1021/1021/179 1022/1022/179 1023/1023/179
f 1024/1024/179 1025/1025/179 1026/1026/179
f 1027/1027/377 1028/1028/378 1029/1029/379
f 1030/1030/379 1031/1031/380 1032/1032/377
f 1033/1033/381 1034/1034/382 1035/1035/383
f 1036/1036/383 1037/1037/384 1038/1038/385
f 1039/1039/378 1040/1040/386 1041/1041/387
f 1042/1042/387 1043/1043/388 1044/1044/378
f 1045/1045/389 1046/1046/390 1047/1047/391
f 1048/1048/391 1049/1049/392 1050/1050/393
f 1051/1051/394 1052/1052/395 1053/1053/396
f 1054/1054/396 1055/1055/397 1056/1056/398
f 1057/1057/382 1058/1058/399 1059/1059/400
f 1060/1060/401 1061/1061/388 1062/1062/382
f 1063/1063/402 1064/1064/403 1065/1065/404
f 1066/1066/405 1067/1067/406 1068/1068/402
f 1069/1069/407 1070/1070/383 1071/1071/387
f 1072/1072/387 1073/1073/408 1074/1074/407
f 1075/1075/391 1076/1076/380 1077/1077/409
f 1078/1078/410 1079/1079/411 1080/1080/391
f 1081/1081/412 1082/1082/413 1083/1083/414
f 1084/1084/415 1085/1085/399 1086/1086/384
f 1087/1087/415 1088/1088/384 1089/1089/416
f 1090/1090/412 1091/1091/417 1092/1092/418
f 1093/1093/402 1094/1094/406 1095/1095/391
f 1096/1096/391 1097/1097/411 1098/1098/402
f 1099/1099/419 1100/1100/379 1101/1101/378
f 1102/1102/378 1103/1103/420 1104/1104/400
f 1105/1105/400 1106/1106/381 1107/1107/413
f 1108/1108/413 1109/1109/421 1110/1110/401
f 1111/1111/408 1112/1112/392 1113/1113/422
f 1114/1114/405 1115/1115/423 1116/1116/389
f 1117/1117/419 1118/1118/421 1119/1119/424
f 1120/1120/424 1121/1121/425 1122/1122/400
f 1123/1123/396 1124/1124/426 1125/1125/418
f 1126/1126/427 1127/1127/397 1128/1128/428
f 1129/1129/390 1130/1130/377 1131/1131/380
f 1132/1132/380 1133/1133/391 1134/1134/390
f 1135/1135/383 1136/1136/407 1137/1137/429
f 1138/1138/429 1139/1139/430 1140/1140/383
f 1141/1141/387 1142/1142/377 1143/1143/390
f 1144/1144/390 1145/1145/389 1146/1146/431
f 1147/1147/387 1148/1148/383 1149/1149/382
f 1150/1150/382 1151/1151/420 1152/1152/387
f 1153/1153/395 1154/1154/432 1155/1155/410
f 1156/1156/424 1157/1157/395 1158/1158/410
f 1159/1159/424 1160/1160/410 1161/1161/380
f 1162/1162/424 1163/1163/380 1164/1164/379
f 1165/1165/433 1166/1166/430 1167/1167/429
f 1168/1168/404 1169/1169/403 1170/1170/433
f 1171/1171/357 1172/1172/434 1173/1173/435
f 1174/1174/435 1175/1175/358 1176/1176/357
f 1177/1177/434 1178/1178/436 1179/1179/437
f 1180/1180/437 1181/1181/435 1182/1182/434
f 1183/1183/384 1184/1184/438 1185/1185/430
f 1186/1186/416 1187/1187/384 1188/1188/430
f 1189/1189/430 1190/1190/433 1191/1191/416
f 1192/1192/428 1193/1193/395 1194/1194/424
f 1195/1195/424 1196/1196/439 1197/1197/440
f 1198/1198/441 1199/1199/413 1200/1200/415
f 1201/1201/415 1202/1202/428 1203/1203/441
f 1204/1204/305 1205/1205/302 1206/1206/307
f 1207/1207/280 1208/1208/442 1209/1209/443
f 1210/1210/443 1211/1211/444 1212/1212/280
f 1213/1213/291 1214/1214/281 1215/1215/285
f 1216/1216/445 1217/1217/289 1218/1218/292
f 1219/1219/292 1220/1220/293 1221/1221/445
f 1222/1222/289 1223/1223/296 1224/1224/304
f 1225/1225/299 1226/1226/292 1227/1227/289
f 1228/1228/446 1229/1229/302 1230/1230/305
f 1231/1231/305 1232/1232/299 1233/1233/295
f 1234/1234/447 1235/1235/448 1236/1236/314
f 1237/1237/314 1238/1238/313 1239/1239/316
f 1240/1240/316 1241/1241/312 1242/1242/314
f 1243/1243/449 1244/1244/319 1245/1245/450
f 1246/1246/451 1247/1247/316 1248/1248/320
f 1249/1249/319 1250/1250/324 1251/1251/326
f 1252/1252/452 1253/1253/451 1254/1254/319
f 1255/1255/301 1256/1256/307 1257/1257/302
f 1258/1258/453 1259/1259/453 1260/1260/453
f 1261/1261/453 1262/1262/453 1263/1263/453
f 1264/1264/454 1265/1265/454 1266/1266/454
f 1267/1267/454 1268/1268/454 1269/1269/454
f 1270/1270/41 1271/1271/41 1272/1272/41
f 1273/1273/41 1274/1274/41 1275/1275/41
f 1276/1276/455 1277/1277/455 1278/1278/455
f 1279/1279/455 1280/1280/455 1281/1281/455
f 1282/1282/283 1283/1283/283 1284/1284/283
f 1285/1285/283 1286/1286/283 1287/1287/283
f 1288/1288/456 1289/1289/456 1290/1290/456
f 1291/1291/456 1292/1292/456 1293/1293/456
f 1294/1294/457 1295/1295/457 1296/1296/457
f 1297/1297/458 1298/1298/458 1299/1299/458
f 1300/1300/459 1301/1301/459 1302/1302/459
f 1303/1303/459 1304/1304/459 1305/1305/459
f 1306/1306/460 1307/1307/460 1308/1308/460
f 1309/1309/460 1310/1310/460 1311/1311/460
f 1312/1312/461 1313/1313/461 1314/1314/461
f 1315/1315/462 1316/1316/462 1317/1317/462
f 1318/1318/463 1319/1319/463 1320/1320/463
f 1321/1321/463 1322/1322/463 1323/1323/463
f 1324/1324/324 1325/1325/119 1326/1326/464
f 1327/1327/464 1328/1328/465 1329/1329/324
f 1330/1330/327 1331/1331/326 1332/1332/466
f 1333/1333/466 1334/1334/467 1335/1335/327
f 1336/1336/468 1337/1337/464 1338/1338/469
f 1339/1339/469 1340/1340/470 1341/1341/465
f 1342/1342/467 1343/1343/466 1344/1344/471
f 1345/1345/472 1346/1346/473 1347/1347/467
f 1348/1348/470 1349/1349/469 1350/1350/474
f 1351/1351/474 1352/1352/475 1353/1353/470
f 1354/1354/473 1355/1355/472 1356/1356/476
f 1357/1357/476 1358/1358/477 1359/1359/473
f 1360/1360/478 1361/1361/479 1362/1362/480
f 1363/1363/480 1364/1364/481 1365/1365/478
f 1366/1366/283 1367/1367/482 1368/1368/483
f 1369/1369/483 1370/1370/283 1371/1371/283
f 1372/1372/484 1373/1373/485 1374/1374/484
f 1375/1375/484 1376/1376/484 1377/1377/484
f 1378/1378/486 1379/1379/487 1380/1380/488
f 1381/1381/488 1382/1382/489 1383/1383/486
f 1384/1384/490 1385/1385/491 1386/1386/492
f 1387/1387/492 1388/1388/493 1389/1389/494
f 1390/1390/495 1391/1391/496 1392/1392/497
f 1393/1393/497 1394/1394/498 1395/1395/499
f 1396/1396/487 1397/1397/500 1398/1398/501
f 1399/1399/502 1400/1400/488 1401/1401/487
f 1402/1402/503 1403/1403/504 1404/1404/505
f 1405/1405/506 1406/1406/497 1407/1407/503
f 1408/1408/507 1409/1409/508 1410/1410/509
f 1411/1411/509 1412/1412/510 1413/1413/507
f 1414/1414/511 1415/1415/512 1416/1416/508
f 1417/1417/508 1418/1418/507 1419/1419/511
f 1420/1420/513 1421/1421/514 1422/1422/512
f 1423/1423/515 1424/1424/511 1425/1425/513
f 1426/1426/516 1427/1427/517 1428/1428/518
f 1429/1429/519 1430/1430/520 1431/1431/516
f 1432/1432/521 1433/1433/522 1434/1434/523
f 1435/1435/523 1436/1436/518 1437/1437/521
f 1438/1438/522 1439/1439/524 1440/1440/525
f 1441/1441/525 1442/1442/523 1443/1443/522
f 1444/1444/526 1445/1445/527 1446/1446/525
f 1447/1447/528 1448/1448/529 1449/1449/530
f 1450/1450/481 1451/1451/531 1452/1452/474
f 1453/1453/474 1454/1454/532 1455/1455/481
f 1456/1456/283 1457/1457/477 1458/1458/476
f 1459/1459/533 1460/1460/482 1461/1461/283
f 1462/1462/534 1463/1463/534 1464/1464/534
f 1465/1465/489 1466/1466/535 1467/1467/536
f 1468/1468/536 1469/1469/537 1470/1470/489
f 1471/1471/498 1472/1472/538 1473/1473/539
f 1474/1474/539 1475/1475/495 1476/1476/498
f 1477/1477/493 1478/1478/540 1479/1479/541
f 1480/1480/541 1481/1481/494 1482/1482/493
f 1483/1483/522 1484/1484/542 1485/1485/510
f 1486/1486/510 1487/1487/526 1488/1488/522
f 1489/1489/543 1490/1490/511 1491/1491/542
f 1492/1492/542 1493/1493/544 1494/1494/545
f 1495/1495/516 1496/1496/513 1497/1497/511
f 1498/1498/511 1499/1499/543 1500/1500/516
f 1501/1501/546 1502/1502/547 1503/1503/492
f 1504/1504/527 1505/1505/529 1506/1506/525
f 1507/1507/546 1508/1508/492 1509/1509/548
f 1510/1510/549 1511/1511/550 1512/1512/551
f 1513/1513/552 1514/1514/553 1515/1515/554
f 1516/1516/550 1517/1517/555 1518/1518/556
f 1519/1519/557 1520/1520/558 1521/1521/550
f 1522/1522/524 1523/1523/559 1524/1524/527
f 1525/1525/549 1526/1526/553 1527/1527/560
f 1528/1528/560 1529/1529/561 1530/1530/549
f 1531/1531/562 1532/1532/563 1533/1533/564
f 1534/1534/564 1535/1535/565 1536/1536/566
f 1537/1537/560 1538/1538/567 1539/1539/568
f 1540/1540/568 1541/1541/561 1542/1542/560
f 1543/1543/567 1544/1544/569 1545/1545/570
f 1546/1546/571 1547/1547/572 1548/1548/567
f 1549/1549/562 1550/1550/573 1551/1551/563
f 1552/1552/574 1553/1553/535 1554/1554/480
f 1555/1555/480 1556/1556/479 1557/1557/574
f 1558/1558/539 1559/1559/538 1560/1560/283
f 1561/1561/283 1562/1562/483 1563/1563/539
f 1564/1564/485 1565/1565/557 1566/1566/555
f 1567/1567/555 1568/1568/484 1569/1569/485
f 1570/1570/575 1571/1571/576 1572/1572/577
f 1573/1573/577 1574/1574/509 1575/1575/508
f 1576/1576/512 1577/1577/578 1578/1578/579
f 1579/1579/579 1580/1580/580 1581/1581/515
f 1582/1582/581 1583/1583/578 1584/1584/512
f 1585/1585/512 1586/1586/514 1587/1587/581
f 1588/1588/582 1589/1589/541 1590/1590/540
f 1591/1591/583 1592/1592/584 1593/1593/585
f 1594/1594/585 1595/1595/586 1596/1596/587
f 1597/1597/588 1598/1598/589 1599/1599/590
f 1600/1600/589 1601/1601/591 1602/1602/590
f 1603/1603/592 1604/1604/593 1605/1605/590
f 1606/1606/593 1607/1607/594 1608/1608/590
f 1609/1609/595 1610/1610/584 1611/1611/590
f 1612/1612/326 1613/1613/324 1614/1614/465
f 1615/1615/596 1616/1616/597 1617/1617/326
f 1618/1618/466 1619/1619/465 1620/1620/470
f 1621/1621/470 1622/1622/472 1623/1623/466
f 1624/1624/471 1625/1625/470 1626/1626/531
f 1627/1627/531 1628/1628/533 1629/1629/472
f 1630/1630/482 1631/1631/481 1632/1632/480
f 1633/1633/480 1634/1634/483 1635/1635/598
f 1636/1636/499 1637/1637/489 1638/1638/599
f 1639/1639/599 1640/1640/503 1641/1641/495
f 1642/1642/503 1643/1643/599 1644/1644/501
f 1645/1645/502 1646/1646/504 1647/1647/503
f 1648/1648/481 1649/1649/482 1650/1650/476
f 1651/1651/476 1652/1652/475 1653/1653/481
f 1654/1654/539 1655/1655/535 1656/1656/600
f 1657/1657/600 1658/1658/495 1659/1659/539
f 1660/1660/483 1661/1661/480 1662/1662/535
f 1663/1663/535 1664/1664/539 1665/1665/483
f 1666/1666/601 1667/1667/602 1668/1668/603
f 1669/1669/603 1670/1670/492 1671/1671/547
f 1672/1672/601 1673/1673/603 1674/1674/547
f 1675/1675/601 1676/1676/604 1677/1677/605
f 1678/1678/606 1679/1679/607 1680/1680/608
f 1681/1681/608 1682/1682/502 1683/1683/609
f 1684/1684/505 1685/1685/610 1686/1686/501
f 1687/1687/502 1688/1688/608 1689/1689/505
f 1690/1690/562 1691/1691/611 1692/1692/612
f 1693/1693/118 1694/1694/613 1695/1695/464
f 1696/1696/464 1697/1697/119 1698/1698/118
f 1699/1699/121 1700/1700/614 1701/1701/615
f 1702/1702/615 1703/1703/122 1704/1704/121
f 1705/1705/613 1706/1706/616 1707/1707/469
f 1708/1708/469 1709/1709/464 1710/1710/617
f 1711/1711/614 1712/1712/618 1713/1713/619
f 1714/1714/620 1715/1715/615 1716/1716/614
f 1717/1717/616 1718/1718/621 1719/1719/474
f 1720/1720/474 1721/1721/469 1722/1722/616
f 1723/1723/618 1724/1724/622 1725/1725/623
f 1726/1726/623 1727/1727/619 1728/1728/618
f 1729/1729/478 1730/1730/624 1731/1731/625
f 1732/1732/625 1733/1733/479 1734/1734/478
f 1735/1735/41 1736/1736/41 1737/1737/626
f 1738/1738/626 1739/1739/627 1740/1740/41
f 1741/1741/628 1742/1742/628 1743/1743/628
f 1744/1744/628 1745/1745/629 1746/1746/628
f 1747/1747/486 1748/1748/630 1749/1749/631
f 1750/1750/631 1751/1751/487 1752/1752/486
f 1753/1753/632 1754/1754/633 1755/1755/634
f 1756/1756/634 1757/1757/635 1758/1758/636
f 1759/1759/637 1760/1760/638 1761/1761/639
f 1762/1762/639 1763/1763/640 1764/1764/641
f 1765/1765/487 1766/1766/631 1767/1767/642
f 1768/1768/643 1769/1769/500 1770/1770/487
f 1771/1771/644 1772/1772/639 1773/1773/645
f 1774/1774/646 1775/1775/647 1776/1776/644
f 1777/1777/648 1778/1778/649 1779/1779/650
f 1780/1780/650 1781/1781/651 1782/1782/648
f 1783/1783/652 1784/1784/648 1785/1785/651
f 1786/1786/651 1787/1787/653 1788/1788/652
f 1789/1789/513 1790/1790/652 1791/1791/654
f 1792/1792/653 1793/1793/514 1794/1794/513
f 1795/1795/516 1796/1796/520 1797/1797/655
f 1798/1798/656 1799/1799/657 1800/1800/516
f 1801/1801/658 1802/1802/656 1803/1803/659
f 1804/1804/659 1805/1805/660 1806/1806/658
f 1807/1807/660 1808/1808/659 1809/1809/661
f 1810/1810/661 1811/1811/662 1812/1812/660
f 1813/1813/663 1814/1814/661 1815/1815/664
f 1816/1816/665 1817/1817/666 1818/1818/667
f 1819/1819/624 1820/1820/532 1821/1821/474
f 1822/1822/474 1823/1823/668 1824/1824/624
f 1825/1825/41 1826/1826/627 1827/1827/669
f 1828/1828/623 1829/1829/622 1830/1830/41
f 1831/1831/670 1832/1832/670 1833/1833/670
f 1834/1834/630 1835/1835/537 1836/1836/536
f 1837/1837/536 1838/1838/671 1839/1839/630
f 1840/1840/672 1841/1841/641 1842/1842/673
f 1843/1843/673 1844/1844/674 1845/1845/672
f 1846/1846/633 1847/1847/632 1848/1848/675
f 1849/1849/675 1850/1850/676 1851/1851/633
f 1852/1852/660 1853/1853/663 1854/1854/649
f 1855/1855/649 1856/1856/677 1857/1857/660
f 1858/1858/678 1859/1859/679 1860/1860/677
f 1861/1861/677 1862/1862/652 1863/1863/680
f 1864/1864/516 1865/1865/680 1866/1866/652
f 1867/1867/652 1868/1868/513 1869/1869/516
f 1870/1870/681 1871/1871/634 1872/1872/682
f 1873/1873/664 1874/1874/661 1875/1875/667
f 1876/1876/681 1877/1877/683 1878/1878/634
f 1879/1879/684 1880/1880/685 1881/1881/686
f 1882/1882/686 1883/1883/687 1884/1884/688
f 1885/1885/687 1886/1886/689 1887/1887/690
f 1888/1888/691 1889/1889/692 1890/1890/687
f 1891/1891/662 1892/1892/664 1893/1893/693
f 1894/1894/688 1895/1895/694 1896/1896/695
f 1897/1897/695 1898/1898/685 1899/1899/688
f 1900/1900/696 1901/1901/697 1902/1902/698
f 1903/1903/698 1904/1904/699 1905/1905/696
f 1906/1906/695 1907/1907/694 1908/1908/700
f 1909/1909/700 1910/1910/701 1911/1911/695
f 1912/1912/701 1913/1913/702 1914/1914/571
f 1915/1915/570 1916/1916/569 1917/1917/701
f 1918/1918/696 1919/1919/699 1920/1920/703
f 1921/1921/574 1922/1922/479 1923/1923/625
f 1924/1924/625 1925/1925/671 1926/1926/574
f 1927/1927/673 1928/1928/626 1929/1929/41
f 1930/1930/41 1931/1931/674 1932/1932/673
f 1933/1933/629 1934/1934/628 1935/1935/692
f 1936/1936/692 1937/1937/690 1938/1938/629
f 1939/1939/651 1940/1940/650 1941/1941/704
f 1942/1942/704 1943/1943/705 1944/1944/706
f 1945/1945/654 1946/1946/707 1947/1947/708
f 1948/1948/708 1949/1949/709 1950/1950/653
f 1951/1951/581 1952/1952/514 1953/1953/653
f 1954/1954/653 1955/1955/709 1956/1956/581
f 1957/1957/710 1958/1958/676 1959/1959/675
f 1960/1960/711 1961/1961/586 1962/1962/712
f 1963/1963/712 1964/1964/713 1965/1965/714
f 1966/1966/588 1967/1967/590 1968/1968/715
f 1969/1969/715 1970/1970/590 1971/1971/716
f 1972/1972/717 1973/1973/590 1974/1974/718
f 1975/1975/718 1976/1976/590 1977/1977/719
f 1978/1978/720 1979/1979/590 1980/1980/713
f 1981/1981/122 1982/1982/721 1983/1983/722
f 1984/1984/613 1985/1985/118 1986/1986/122
f 1987/1987/615 1988/1988/619 1989/1989/616
f 1990/1990/616 1991/1991/613 1992/1992/615
f 1993/1993/619 1994/1994/669 1995/1995/668
f 1996/1996/668 1997/1997/616 1998/1998/620
f 1999/1999/723 2000/2000/626 2001/2001/625
f 2002/2002/625 2003/2003/624 2004/2004/627
f 2005/2005/641 2006/2006/644 2007/2007/724
f 2008/2008/724 2009/2009/630 2010/2010/637
f 2011/2011/644 2012/2012/647 2013/2013/642
f 2014/2014/643 2015/2015/724 2016/2016/644
f 2017/2017/624 2018/2018/621 2019/2019/669
f 2020/2020/623 2021/2021/627 2022/2022/624
f 2023/2023/673 2024/2024/641 2025/2025/725
f 2026/2026/725 2027/2027/671 2028/2028/673
f 2029/2029/626 2030/2030/673 2031/2031/671
f 2032/2032/671 2033/2033/625 2034/2034/626
f 2035/2035/726 2036/2036/727 2037/2037/601
f 2038/2038/601 2039/2039/728 2040/2040/729
f 2041/2041/726 2042/2042/601 2043/2043/682
f 2044/2044/726 2045/2045/682 2046/2046/634
f 2047/2047/730 2048/2048/642 2049/2049/731
f 2050/2050/731 2051/2051/607 2052/2052/606
f 2053/2053/646 2054/2054/731 2055/2055/642
f 2056/2056/643 2057/2057/732 2058/2058/646
f 2059/2059/696 2060/2060/733 2061/2061/611
f 2062/2062/734 2063/2063/735 2064/2064/736
f 2065/2065/737 2066/2066/738 2067/2067/739
f 2068/2068/740 2069/2069/741 2070/2070/742
f 2071/2071/743 2072/2072/744 2073/2073/745
f 2074/2074/745 2075/2075/463 2076/2076/743
f 2077/2077/746 2078/2078/747 2079/2079/748
f 2080/2080/748 2081/2081/749 2082/2082/746
f 2083/2083/750 2084/2084/473 2085/2085/751
f 2086/2086/742 2087/2087/750 2088/2088/737
f 2089/2089/743 2090/2090/749 2091/2091/748
f 2092/2092/748 2093/2093/752 2094/2094/743
f 2095/2095/753 2096/2096/754 2097/2097/755
f 2098/2098/756 2099/2099/757 2100/2100/753
f 2101/2101/758 2102/2102/753 2103/2103/757
f 2104/2104/759 2105/2105/760 2106/2106/758
f 2107/2107/761 2108/2108/762 2109/2109/760
f 2110/2110/760 2111/2111/167 2112/2112/761
f 2113/2113/763 2114/2114/764 2115/2115/765
f 2116/2116/765 2117/2117/766 2118/2118/767
f 2119/2119/764 2120/2120/768 2121/2121/769
f 2122/2122/770 2123/2123/771 2124/2124/772
f 2125/2125/773 2126/2126/774 2127/2127/770
f 2128/2128/775 2129/2129/776 2130/2130/777
f 2131/2131/777 2132/2132/773 2133/2133/778
f 2134/2134/776 2135/2135/779 2136/2136/780
f 2137/2137/780 2138/2138/777 2139/2139/776
f 2140/2140/779 2141/2141/781 2142/2142/780
f 2143/2143/771 2144/2144/782 2145/2145/783
f 2146/2146/783 2147/2147/784 2148/2148/771
f 2149/2149/776 2150/2150/771 2151/2151/754
f 2152/2152/754 2153/2153/753 2154/2154/776
f 2155/2155/779 2156/2156/776 2157/2157/753
f 2158/2158/753 2159/2159/758 2160/2160/779
f 2161/2161/781 2162/2162/779 2163/2163/762
f 2164/2164/758 2165/2165/761 2166/2166/781
f 2167/2167/783 2168/2168/770 2169/2169/764
f 2170/2170/783 2171/2171/785 2172/2172/786
f 2173/2173/755 2174/2174/784 2175/2175/783
f 2176/2176/770 2177/2177/774 2178/2178/787
f 2179/2179/787 2180/2180/764 2181/2181/770
f 2182/2182/473 2183/2183/788 2184/2184/751
f 2185/2185/789 2186/2186/756 2187/2187/785
f 2188/2188/790 2189/2189/791 2190/2190/792
f 2191/2191/792 2192/2192/747 2193/2193/790
f 2194/2194/789 2195/2195/793 2196/2196/759
f 2197/2197/757 2198/2198/756 2199/2199/789
f 2200/2200/760 2201/2201/760 2202/2202/759
f 2203/2203/757 2204/2204/793 2205/2205/760
f 2206/2206/167 2207/2207/167 2208/2208/760
f 2209/2209/760 2210/2210/794 2211/2211/167
f 2212/2212/795 2213/2213/795 2214/2214/795
f 2215/2215/796 2216/2216/797 2217/2217/798
f 2218/2218/797 2219/2219/799 2220/2220/800
f 2221/2221/799 2222/2222/801 2223/2223/802
f 2224/2224/803 2225/2225/804 2226/2226/802
f 2227/2227/804 2228/2228/805 2229/2229/802
f 2230/2230/805 2231/2231/806 2232/2232/807
f 2233/2233/806 2234/2234/808 2235/2235/802
f 2236/2236/809 2237/2237/810 2238/2238/742
f 2239/2239/739 2240/2240/327 2241/2241/467
f 2242/2242/809 2243/2243/742 2244/2244/739
f 2245/2245/467 2246/2246/473 2247/2247/810
f 2248/2248/811 2249/2249/812 2250/2250/813
f 2251/2251/814 2252/2252/815 2253/2253/738
f 2254/2254/816 2255/2255/736 2256/2256/735
f 2257/2257/817 2258/2258/463 2259/2259/745
f 2260/2260/745 2261/2261/818 2262/2262/817
f 2263/2263/819 2264/2264/820 2265/2265/821
f 2266/2266/821 2267/2267/822 2268/2268/819
f 2269/2269/823 2270/2270/824 2271/2271/618
f 2272/2272/812 2273/2273/814 2274/2274/823
f 2275/2275/817 2276/2276/825 2277/2277/826
f 2278/2278/821 2279/2279/820 2280/2280/817
f 2281/2281/827 2282/2282/828 2283/2283/829
f 2284/2284/830 2285/2285/831 2286/2286/827
f 2287/2287/832 2288/2288/833 2289/2289/834
f 2290/2290/834 2291/2291/827 2292/2292/832
f 2293/2293/761 2294/2294/167 2295/2295/833
f 2296/2296/833 2297/2297/835 2298/2298/761
f 2299/2299/767 2300/2300/766 2301/2301/836
f 2302/2302/836 2303/2303/837 2304/2304/763
f 2305/2305/837 2306/2306/836 2307/2307/838
f 2308/2308/839 2309/2309/840 2310/2310/841
f 2311/2311/842 2312/2312/843 2313/2313/839
f 2314/2314/844 2315/2315/841 2316/2316/845
f 2317/2317/845 2318/2318/846 2319/2319/847
f 2320/2320/848 2321/2321/845 2322/2322/849
f 2323/2323/849 2324/2324/850 2325/2325/848
f 2326/2326/850 2327/2327/849 2328/2328/781
f 2329/2329/843 2330/2330/851 2331/2331/852
f 2332/2332/852 2333/2333/853 2334/2334/843
f 2335/2335/848 2336/2336/854 2337/2337/831
f 2338/2338/851 2339/2339/843 2340/2340/848
f 2341/2341/850 2342/2342/832 2343/2343/827
f 2344/2344/827 2345/2345/848 2346/2346/850
f 2347/2347/781 2348/2348/761 2349/2349/832
f 2350/2350/835 2351/2351/850 2352/2352/781
f 2353/2353/852 2354/2354/837 2355/2355/853
f 2356/2356/852 2357/2357/851 2358/2358/830
f 2359/2359/855 2360/2360/856 2361/2361/852
f 2362/2362/839 2363/2363/837 2364/2364/838
f 2365/2365/838 2366/2366/840 2367/2367/839
f 2368/2368/618 2369/2369/824 2370/2370/857
f 2371/2371/858 2372/2372/856 2373/2373/829
f 2374/2374/859 2375/2375/822 2376/2376/860
f 2377/2377/860 2378/2378/861 2379/2379/859
f 2380/2380/858 2381/2381/829 2382/2382/834
f 2383/2383/828 2384/2384/862 2385/2385/858
f 2386/2386/833 2387/2387/863 2388/2388/834
f 2389/2389/828 2390/2390/833 2391/2391/833
f 2392/2392/167 2393/2393/833 2394/2394/833
f 2395/2395/833 2396/2396/167 2397/2397/167
f 2398/2398/864 2399/2399/864 2400/2400/864
f 2401/2401/796 2402/2402/802 2403/2403/865
f 2404/2404/865 2405/2405/866 2406/2406/867
f 2407/2407/867 2408/2408/802 2409/2409/868
f 2410/2410/869 2411/2411/802 2412/2412/870
f 2413/2413/870 2414/2414/802 2415/2415/871
f 2416/2416/871 2417/2417/807 2418/2418/872
f 2419/2419/872 2420/2420/802 2421/2421/808
f 2422/2422/873 2423/2423/812 2424/2424/823
f 2425/2425/815 2426/2426/812 2427/2427/614
f 2428/2428/614 2429/2429/121 2430/2430/815
f 2431/2431/614 2432/2432/874 2433/2433/618
f 2434/2434/792 2435/2435/791 2436/2436/875
f 2437/2437/484 2438/2438/484 2439/2439/792
f 2440/2440/876 2441/2441/876 2442/2442/877
f 2443/2443/877 2444/2444/878 2445/2445/876
f 2446/2446/878 2447/2447/879 2448/2448/880
f 2449/2449/880 2450/2450/881 2451/2451/882
f 2452/2452/883 2453/2453/880 2454/2454/884
f 2455/2455/884 2456/2456/884 2457/2457/883
f 2458/2458/885 2459/2459/884 2460/2460/884
f 2461/2461/884 2462/2462/886 2463/2463/885
f 2464/2464/887 2465/2465/888 2466/2466/886
f 2467/2467/886 2468/2468/889 2469/2469/890
f 2470/2470/891 2471/2471/890 2472/2472/892
f 2473/2473/892 2474/2474/891 2475/2475/891
f 2476/2476/860 2477/2477/628 2478/2478/628
f 2479/2479/893 2480/2480/861 2481/2481/860
f 2482/2482/58 2483/2483/43 2484/2484/40
f 2485/2485/98 2486/2486/247 2487/2487/894
f 2488/2488/894 2489/2489/895 2490/2490/98
f 2491/2491/311 2492/2492/310 2493/2493/896
f 2494/2494/896 2495/2495/442 2496/2496/311
f 2497/2497/286 2498/2498/280 2499/2499/444
f 2500/2500/444 2501/2501/287 2502/2502/286
f 2503/2503/46 2504/2504/37 2505/2505/36
f 2506/2506/36 2507/2507/47 2508/2508/46
f 2509/2509/39 2510/2510/247 2511/2511/98
f 2512/2512/98 2513/2513/96 2514/2514/39
f 2515/2515/36 2516/2516/280 2517/2517/286
f 2518/2518/286 2519/2519/47 2520/2520/36
f 2521/2521/311 2522/2522/442 2523/2523/39
f 2524/2524/39 2525/2525/96 2526/2526/311
f 2527/2527/897 2528/2528/897 2529/2529/897
f 2530/2530/897 2531/2531/897 2532/2532/897
f 2533/2533/898 2534/2534/898 2535/2535/898
f 2536/2536/898 2537/2537/898 2538/2538/898
f 2539/2539/283 2540/2540/283 2541/2541/283
f 2542/2542/283 2543/2543/283 2544/2544/283
f 2545/2545/899 2546/2546/899 2547/2547/899
f 2548/2548/899 2549/2549/899 2550/2550/899
f 2551/2551/41 2552/2552/41 2553/2553/41
f 2554/2554/41 2555/2555/41 2556/2556/41
f 2557/2557/456 2558/2558/456 2559/2559/456
f 2560/2560/456 2561/2561/456 2562/2562/456
f 2563/2563/454 2564/2564/454 2565/2565/454
f 2566/2566/454 2567/2567/454 2568/2568/454
f 2569/2569/283 2570/2570/283 2571/2571/283
f 2572/2572/283 2573/2573/283 2574/2574/283
f 2575/2575/463 2576/2576/463 2577/2577/463
f 2578/2578/463 2579/2579/463 2580/2580/463
f 2581/2581/41 2582/2582/41 2583/2583/41
f 2584/2584/41 2585/2585/41 2586/2586/41
f 2587/2587/900 2588/2588/900 2589/2589/900
f 2590/2590/900 2591/2591/900 2592/2592/900
f 2593/2593/283 2594/2594/283 2595/2595/283
f 2596/2596/283 2597/2597/283 2598/2598/283
f 2599/2599/901 2600/2600/901 2601/2601/901
f 2602/2602/901 2603/2603/901 2604/2604/901
f 2605/2605/41 2606/2606/41 2607/2607/41
f 2608/2608/41 2609/2609/41 2610/2610/41
f 2611/2611/902 2612/2612/902 2613/2613/902
f 2614/2614/902 2615/2615/902 2616/2616/902
f 2617/2617/903 2618/2618/903 2619/2619/903
f 2620/2620/903 2621/2621/903 2622/2622/903
f 2623/2623/904 2624/2624/904 2625/2625/904
f 2626/2626/904 2627/2627/904 2628/2628/904
f 2629/2629/283 2630/2630/283 2631/2631/283
f 2632/2632/283 2633/2633/283 2634/2634/283
f 2635/2635/905 2636/2636/905 2637/2637/905
f 2638/2638/905 2639/2639/905 2640/2640/905
f 2641/2641/41 2642/2642/41 2643/2643/41
f 2644/2644/41 2645/2645/41 2646/2646/41
f 2647/2647/906 2648/2648/907 2649/2649/908
f 2650/2650/909 2651/2651/909 2652/2652/907
f 2653/2653/910 2654/2654/911 2655/2655/907
f 2656/2656/912 2657/2657/912 2658/2658/911
f 2659/2659/913 2660/2660/914 2661/2661/910
f 2662/2662/915 2663/2663/915 2664/2664/914
f 2665/2665/908 2666/2666/909 2667/2667/914
f 2668/2668/914 2669/2669/914 2670/2670/909
f 2671/2671/463 2672/2672/463 2673/2673/463
f 2674/2674/463 2675/2675/463 2676/2676/463
f 2677/2677/916 2678/2678/916 2679/2679/916
f 2680/2680/917 2681/2681/917 2682/2682/917
f 2683/2683/918 2684/2684/918 2685/2685/918
f 2686/2686/919 2687/2687/919 2688/2688/919
f 2689/2689/920 2690/2690/920 2691/2691/920
f 2692/2692/921 2693/2693/921 2694/2694/921
f 2695/2695/922 2696/2696/922 2697/2697/922
f 2698/2698/923 2699/2699/923 2700/2700/923
f 2701/2701/463 2702/2702/463 2703/2703/463
f 2704/2704/463 2705/2705/463 2706/2706/463
f 2707/2707/924 2708/2708/924 2709/2709/924
f 2710/2710/925 2711/2711/925 2712/2712/925
f 2713/2713/926 2714/2714/926 2715/2715/926
f 2716/2716/927 2717/2717/927 2718/2718/927
f 2719/2719/928 2720/2720/928 2721/2721/928
f 2722/2722/929 2723/2723/929 2724/2724/929
f 2725/2725/930 2726/2726/930 2727/2727/930
f 2728/2728/931 2729/2729/931 2730/2730/931
f 2731/2731/932 2732/2732/933 2733/2733/934
f 2734/2734/935 2735/2735/936 2736/2736/932
f 2737/2737/937 2738/2738/938 2739/2739/939
f 2740/2740/940 2741/2741/941 2742/2742/937
f 2743/2743/942 2744/2744/942 2745/2745/942
f 2746/2746/943 2747/2747/943 2748/2748/943
f 2749/2749/944 2750/2750/944 2751/2751/944
f 2752/2752/926 2753/2753/926 2754/2754/926
f 2755/2755/945 2756/2756/945 2757/2757/945
f 2758/2758/946 2759/2759/946 2760/2760/946
f 2761/2761/947 2762/2762/947 2763/2763/947
f 2764/2764/948 2765/2765/948 2766/2766/948
f 2767/2767/949 2768/2768/950 2769/2769/951
f 2770/2770/952 2771/2771/953 2772/2772/954
f 2773/2773/955 2774/2774/956 2775/2775/957
f 2776/2776/958 2777/2777/959 2778/2778/960
f 2779/2779/961 2780/2780/961 2781/2781/961
f 2782/2782/962 2783/2783/962 2784/2784/962
f 2785/2785/963 2786/2786/963 2787/2787/963
f 2788/2788/964 2789/2789/964 2790/2790/964
f 2791/2791/965 2792/2792/965 2793/2793/965
f 2794/2794/966 2795/2795/966 2796/2796/966
f 2797/2797/967 2798/2798/967 2799/2799/967
f 2800/2800/968 2801/2801/968 2802/2802/968
f 2803/2803/969 2804/2804/970 2805/2805/936
f 2806/2806/936 2807/2807/952 2808/2808/971
f 2809/2809/972 2810/2810/973 2811/2811/974
f 2812/2812/975 2813/2813/976 2814/2814/941
f 2815/2815/977 2816/2816/977 2817/2817/977
f 2818/2818/978 2819/2819/978 2820/2820/978
f 2821/2821/946 2822/2822/946 2823/2823/946
f 2824/2824/979 2825/2825/979 2826/2826/979
f 2827/2827/980 2828/2828/980 2829/2829/980
f 2830/2830/981 2831/2831/981 2832/2832/981
f 2833/2833/982 2834/2834/982 2835/2835/982
f 2836/2836/983 2837/2837/983 2838/2838/983
f 2839/2839/984 2840/2840/984 2841/2841/984
f 2842/2842/985 2843/2843/985 2844/2844/985
f 2845/2845/986 2846/2846/986 2847/2847/986
f 2848/2848/987 2849/2849/987 2850/2850/987
f 2851/2851/454 2852/2852/454 2853/2853/454
f 2854/2854/454 2855/2855/454 2856/2856/454
f 2857/2857/988 2858/2858/988 2859/2859/988
f 2860/2860/989 2861/2861/989 2862/2862/989
f 2863/2863/990 2864/2864/990 2865/2865/990
f 2866/2866/991 2867/2867/991 2868/2868/991
f 2869/2869/992 2870/2870/992 2871/2871/992
f 2872/2872/993 2873/2873/993 2874/2874/993
f 2875/2875/994 2876/2876/994 2877/2877/994
f 2878/2878/995 2879/2879/995 2880/2880/995
f 2881/2881/996 2882/2882/997 2883/2883/998
f 2884/2884/998 2885/2885/999 2886/2886/996
f 2887/2887/1000 2888/2888/1001 2889/2889/1002
f 2890/2890/1002 2891/2891/1003 2892/2892/1004
f 2893/2893/1005 2894/2894/1005 2895/2895/1005
f 2896/2896/1006 2897/2897/1006 2898/2898/1006
f 2899/2899/1007 2900/2900/1007 2901/2901/1007
f 2902/2902/1008 2903/2903/1008 2904/2904/1008
f 2905/2905/1009 2906/2906/1009 2907/2907/1009
f 2908/2908/1010 2909/2909/1010 2910/2910/1010
f 2911/2911/1011 2912/2912/1011 2913/2913/1011
f 2914/2914/1012 2915/2915/1012 2916/2916/1012
f 2917/2917/1013 2918/2918/1014 2919/2919/1015
f 2920/2920/1016 2921/2921/1017 2922/2922/1018
f 2923/2923/1019 2924/2924/1020 2925/2925/1021
f 2926/2926/1021 2927/2927/1022 2928/2928/1022
f 2929/2929/1023 2930/2930/1023 2931/2931/1023
f 2932/2932/1024 2933/2933/1024 2934/2934/1024
f 2935/2935/1025 2936/2936/1025 2937/2937/1025
f 2938/2938/1026 2939/2939/1026 2940/2940/1026
f 2941/2941/1027 2942/2942/1027 2943/2943/1027
f 2944/2944/1028 2945/2945/1028 2946/2946/1028
f 2947/2947/1029 2948/2948/1029 2949/2949/1029
f 2950/2950/1030 2951/2951/1030 2952/2952/1030
f 2953/2953/1031 2954/2954/996 2955/2955/999
f 2956/2956/1032 2957/2957/1015 2958/2958/1031
f 2959/2959/1003 2960/2960/1002 2961/2961/1033
f 2962/2962/1033 2963/2963/1034 2964/2964/1003
f 2965/2965/1035 2966/2966/1035 2967/2967/1035
f 2968/2968/1036 2969/2969/1036 2970/2970/1036
f 2971/2971/1037 2972/2972/1037 2973/2973/1037
f 2974/2974/1038 2975/2975/1038 2976/2976/1038
f 2977/2977/982 2978/2978/982 2979/2979/982
f 2980/2980/1039 2981/2981/1039 2982/2982/1039
f 2983/2983/984 2984/2984/984 2985/2985/984
f 2986/2986/1040 2987/2987/1040 2988/2988/1040
f 2989/2989/986 2990/2990/986 2991/2991/986
f 2992/2992/987 2993/2993/987 2994/2994/987
f 2995/2995/980 2996/2996/980 2997/2997/980
f 2998/2998/1041 2999/2999/1041 3000/3000/1041
f 3001/3001/454 3002/3002/454 3003/3003/454
f 3004/3004/454 3005/3005/454 3006/3006/454
f 3007/3007/1042 3008/3008/1042 3009/3009/1042
f 3010/3010/1043 3011/3011/1043 3012/3012/1043
f 3013/3013/1044 3014/3014/1044 3015/3015/1044
f 3016/3016/1045 3017/3017/1045 3018/3018/1045
f 3019/3019/1046 3020/3020/1046 3021/3021/1046
f 3022/3022/1047 3023/3023/1047 3024/3024/1047
f 3025/3025/1048 3026/3026/1048 3027/3027/1048
f 3028/3028/1049 3029/3029/1049 3030/3030/1049
f 3031/3031/1050 3032/3032/1051 3033/3033/1052
f 3034/3034/1052 3035/3035/1053 3036/3036/1050
f 3037/3037/1054 3038/3038/1055 3039/3039/1056
f 3040/3040/1057 3041/3041/1058 3042/3042/1054
f 3043/3043/1059 3044/3044/1059 3045/3045/1059
f 3046/3046/1060 3047/3047/1060 3048/3048/1060
f 3049/3049/1061 3050/3050/1061 3051/3051/1061
f 3052/3052/1062 3053/3053/1062 3054/3054/1062
f 3055/3055/1063 3056/3056/1063 3057/3057/1063
f 3058/3058/1064 3059/3059/1064 3060/3060/1064
f 3061/3061/1065 3062/3062/1065 3063/3063/1065
f 3064/3064/1066 3065/3065/1066 3066/3066/1066
f 3067/3067/1067 3068/3068/1068 3069/3069/1069
f 3070/3070/1069 3071/3071/1070 3072/3072/1071
f 3073/3073/1072 3074/3074/1073 3075/3075/1074
f 3076/3076/1075 3077/3077/1076 3078/3078/1076
f 3079/3079/1077 3080/3080/1077 3081/3081/1077
f 3082/3082/1078 3083/3083/1078 3084/3084/1078
f 3085/3085/1079 3086/3086/1079 3087/3087/1079
f 3088/3088/1080 3089/3089/1080 3090/3090/1080
f 3091/3091/1081 3092/3092/1081 3093/3093/1081
f 3094/3094/1082 3095/3095/1082 3096/3096/1082
f 3097/3097/1083 3098/3098/1083 3099/3099/1083
f 3100/3100/1084 3101/3101/1084 3102/3102/1084
f 3103/3103/1068 3104/3104/1050 3105/3105/1085
f 3106/3106/1086 3107/3107/1087 3108/3108/1088
f 3109/3109/1058 3110/3110/1057 3111/3111/1089
f 3112/3112/1090 3113/3113/1072 3114/3114/1058
f 3115/3115/1091 3116/3116/1091 3117/3117/1091
f 3118/3118/1092 3119/3119/1092 3120/3120/1092
f 3121/3121/1093 3122/3122/1093 3123/3123/1093
f 3124/3124/1094 3125/3125/1094 3126/3126/1094
f 3127/3127/1095 3128/3128/1095 3129/3129/1095
f 3130/3130/1096 3131/3131/1096 3132/3132/1096
f 3133/3133/1097 3134/3134/1097 3135/3135/1097
f 3136/3136/1098 3137/3137/1098 3138/3138/1098
f 3139/3139/1099 3140/3140/1099 3141/3141/1099
f 3142/3142/1100 3143/3143/1100 3144/3144/1100
f 3145/3145/1101 3146/3146/1101 3147/3147/1101
f 3148/3148/1102 3149/3149/1102 3150/3150/1102
f 3151/3151/454 3152/3152/454 3153/3153/454
f 3154/3154/454 3155/3155/454 3156/3156/454
f 3157/3157/1103 3158/3158/1103 3159/3159/1103
f 3160/3160/1104 3161/3161/1104 3162/3162/1104
f 3163/3163/1105 3164/3164/1105 3165/3165/1105
f 3166/3166/1106 3167/3167/1106 3168/3168/1106
f 3169/3169/1107 3170/3170/1107 3171/3171/1107
f 3172/3172/1108 3173/3173/1108 3174/3174/1108
f 3175/3175/1109 3176/3176/1109 3177/3177/1109
f 3178/3178/1110 3179/3179/1110 3180/3180/1110
f 3181/3181/1111 3182/3182/1112 3183/3183/1113
f 3184/3184/1113 3185/3185/1114 3186/3186/1111
f 3187/3187/1115 3188/3188/1116 3189/3189/1117
f 3190/3190/1118 3191/3191/1119 3192/3192/1115
f 3193/3193/1120 3194/3194/1120 3195/3195/1120
f 3196/3196/1121 3197/3197/1121 3198/3198/1121
f 3199/3199/1122 3200/3200/1122 3201/3201/1122
f 3202/3202/1123 3203/3203/1123 3204/3204/1123
f 3205/3205/1124 3206/3206/1124 3207/3207/1124
f 3208/3208/1125 3209/3209/1125 3210/3210/1125
f 3211/3211/1126 3212/3212/1126 3213/3213/1126
f 3214/3214/1127 3215/3215/1127 3216/3216/1127
f 3217/3217/1128 3218/3218/1129 3219/3219/1130
f 3220/3220/1130 3221/3221/1131 3222/3222/1132
f 3223/3223/1133 3224/3224/1133 3225/3225/1134
f 3226/3226/1135 3227/3227/1136 3228/3228/1137
f 3229/3229/1138 3230/3230/1138 3231/3231/1138
f 3232/3232/1139 3233/3233/1139 3234/3234/1139
f 3235/3235/1140 3236/3236/1140 3237/3237/1140
f 3238/3238/1141 3239/3239/1141 3240/3240/1141
f 3241/3241/1142 3242/3242/1142 3243/3243/1142
f 3244/3244/1143 3245/3245/1143 3246/3246/1143
f 3247/3247/1144 3248/3248/1144 3249/3249/1144
f 3250/3250/1145 3251/3251/1145 3252/3252/1145
f 3253/3253/1146 3254/3254/1147 3255/3255/1148
f 3256/3256/1149 3257/3257/1111 3258/3258/1131
f 3259/3259/1116 3260/3260/1137 3261/3261/1150
f 3262/3262/1151 3263/3263/1117 3264/3264/1116
f 3265/3265/1152 3266/3266/1152 3267/3267/1152
f 3268/3268/1153 3269/3269/1153 3270/3270/1153
f 3271/3271/1154 3272/3272/1154 3273/3273/1154
f 3274/3274/1155 3275/3275/1155 3276/3276/1155
f 3277/3277/1156 3278/3278/1156 3279/3279/1156
f 3280/3280/1157 3281/3281/1157 3282/3282/1157
f 3283/3283/1158 3284/3284/1158 3285/3285/1158
f 3286/3286/1159 3287/3287/1159 3288/3288/1159
f 3289/3289/1160 3290/3290/1160 3291/3291/1160
f 3292/3292/1161 3293/3293/1161 3294/3294/1161
f 3295/3295/1162 3296/3296/1162 3297/3297/1162
f 3298/3298/1163 3299/3299/1163 3300/3300/1163
f 3301/3301/1164 3302/3302/1165 3303/3303/1166
f 3304/3304/1166 3305/3305/1167 3306/3306/1168
f 3307/3307/1169 3308/3308/1170 3309/3309/1171
f 3310/3310/1171 3311/3311/1172 3312/3312/1169
f 3313/3313/1173 3314/3314/1173 3315/3315/1173
f 3316/3316/1174 3317/3317/1174 3318/3318/1174
f 3319/3319/1175 3320/3320/1175 3321/3321/1175
f 3322/3322/1176 3323/3323/1176 3324/3324/1176
f 3325/3325/1177 3326/3326/1177 3327/3327/1177
f 3328/3328/1178 3329/3329/1178 3330/3330/1178
f 3331/3331/1179 3332/3332/1179 3333/3333/1179
f 3334/3334/1180 3335/3335/1180 3336/3336/1180
f 3337/3337/1181 3338/3338/1182 3339/3339/1183
f 3340/3340/1184 3341/3341/1185 3342/3342/1186
f 3343/3343/1187 3344/3344/1188 3345/3345/1189
f 3346/3346/1190 3347/3347/1191 3348/3348/1187
f 3349/3349/1192 3350/3350/1192 3351/3351/1192
f 3352/3352/1193 3353/3353/1193 3354/3354/1193
f 3355/3355/1194 3356/3356/1194 3357/3357/1194
f 3358/3358/1195 3359/3359/1195 3360/3360/1195
f 3361/3361/1196 3362/3362/1196 3363/3363/1196
f 3364/3364/1197 3365/3365/1197 3366/3366/1197
f 3367/3367/1198 3368/3368/1198 3369/3369/1198
f 3370/3370/1199 3371/3371/1199 3372/3372/1199
f 3373/3373/1182 3374/3374/1168 3375/3375/1167
f 3376/3376/1167 3377/3377/1184 3378/3378/1200
f 3379/3379/1201 3380/3380/1171 3381/3381/1202
f 3382/3382/1188 3383/3383/1187 3384/3384/1172
f 3385/3385/1203 3386/3386/1203 3387/3387/1203
f 3388/3388/1204 3389/3389/1204 3390/3390/1204
f 3391/3391/1205 3392/3392/1205 3393/3393/1205
f 3394/3394/1206 3395/3395/1206 3396/3396/1206
f 3397/3397/1207 3398/3398/1207 3399/3399/1207
f 3400/3400/1208 3401/3401/1208 3402/3402/1208
f 3403/3403/1209 3404/3404/1209 3405/3405/1209
f 3406/3406/1210 3407/3407/1210 3408/3408/1210
f 3409/3409/1211 3410/3410/1211 3411/3411/1211
f 3412/3412/1212 3413/3413/1212 3414/3414/1212
f 3415/3415/1213 3416/3416/1213 3417/3417/1213
f 3418/3418/1214 3419/3419/1214 3420/3420/1214
f 3421/3421/1215 3422/3422/1216 3423/3423/1217
f 3424/3424/1217 3425/3425/1218 3426/3426/1219
f 3427/3427/1220 3428/3428/1221 3429/3429/1222
f 3430/3430/1222 3431/3431/1223 3432/3432/1224
f 3433/3433/1225 3434/3434/1225 3435/3435/1225
f 3436/3436/1226 3437/3437/1226 3438/3438/1226
f 3439/3439/1227 3440/3440/1227 3441/3441/1227
f 3442/3442/1228 3443/3443/1228 3444/3444/1228
f 3445/3445/1229 3446/3446/1229 3447/3447/1229
f 3448/3448/1230 3449/3449/1230 3450/3450/1230
f 3451/3451/1231 3452/3452/1231 3453/3453/1231
f 3454/3454/1232 3455/3455/1232 3456/3456/1232
f 3457/3457/1233 3458/3458/1234 3459/3459/1235
f 3460/3460/1236 3461/3461/1237 3462/3462/1238
f 3463/3463/1239 3464/3464/1240 3465/3465/1241
f 3466/3466/1242 3467/3467/1243 3468/3468/1239
f 3469/3469/1244 3470/3470/1244 3471/3471/1244
f 3472/3472/1245 3473/3473/1245 3474/3474/1245
f 3475/3475/1246 3476/3476/1246 3477/3477/1246
f 3478/3478/1247 3479/3479/1247 3480/3480/1247
f 3481/3481/1248 3482/3482/1248 3483/3483/1248
f 3484/3484/1249 3485/3485/1249 3486/3486/1249
f 3487/3487/1250 3488/3488/1250 3489/3489/1250
f 3490/3490/1251 3491/3491/1251 3492/3492/1251
f 3493/3493/1200 3494/3494/1235 3495/3495/1216
f 3496/3496/1216 3497/3497/1215 3498/3498/1237
f 3499/3499/1221 3500/3500/1239 3501/3501/1243
f 3502/3502/1252 3503/3503/1222 3504/3504/1253
f 3505/3505/1254 3506/3506/1254 3507/3507/1254
f 3508/3508/1255 3509/3509/1255 3510/3510/1255
f 3511/3511/1256 3512/3512/1256 3513/3513/1256
f 3514/3514/1257 3515/3515/1257 3516/3516/1257
f 3517/3517/897 3518/3518/1258 3519/3519/1259
f 3520/3520/897 3521/3521/1259 3522/3522/1260
f 3523/3523/897 3524/3524/1260 3525/3525/1261
f 3526/3526/897 3527/3527/1261 3528/3528/1262
f 3529/3529/897 3530/3530/1262 3531/3531/1263
f 3532/3532/897 3533/3533/1263 3534/3534/1264
f 3535/3535/897 3536/3536/1264 3537/3537/1265
f 3538/3538/897 3539/3539/1265 3540/3540/1266
f 3541/3541/897 3542/3542/1266 3543/3543/1267
f 3544/3544/897 3545/3545/1267 3546/3546/1258
f 3547/3547/1268 3548/3548/1259 3549/3549/1258
f 3550/3550/1258 3551/3551/1269 3552/3552/1268
f 3553/3553/1270 3554/3554/1260 3555/3555/1259
f 3556/3556/1259 3557/3557/1268 3558/3558/1270
f 3559/3559/1271 3560/3560/1261 3561/3561/1260
f 3562/3562/1260 3563/3563/1270 3564/3564/1271
f 3565/3565/1272 3566/3566/1262 3567/3567/1261
f 3568/3568/1261 3569/3569/1271 3570/3570/1272
f 3571/3571/1273 3572/3572/1274 3573/3573/1262
f 3574/3574/1262 3575/3575/1272 3576/3576/1273
f 3577/3577/1275 3578/3578/1264 3579/3579/1263
f 3580/3580/1274 3581/3581/1273 3582/3582/1275
f 3583/3583/1276 3584/3584/1265 3585/3585/1264
f 3586/3586/1264 3587/3587/1275 3588/3588/1276
f 3589/3589/1277 3590/3590/1266 3591/3591/1265
f 3592/3592/1265 3593/3593/1276 3594/3594/1277
f 3595/3595/1278 3596/3596/1267 3597/3597/1266
f 3598/3598/1266 3599/3599/1277 3600/3600/1278
f 3601/3601/1269 3602/3602/1258 3603/3603/1267
f 3604/3604/1267 3605/3605/1278 3606/3606/1269
f 3607/3607/1279 3608/3608/1280 3609/3609/1281
f 3610/3610/1279 3611/3611/1282 3612/3612/1280
f 3613/3613/1279 3614/3614/1283 3615/3615/1282
f 3616/3616/1279 3617/3617/1284 3618/3618/1283
f 3619/3619/1279 3620/3620/1285 3621/3621/1284
f 3622/3622/1279 3623/3623/1286 3624/3624/1285
f 3625/3625/1279 3626/3626/1287 3627/3627/1286
f 3628/3628/1279 3629/3629/1288 3630/3630/1287
f 3631/3631/1279 3632/3632/1289 3633/3633/1288
f 3634/3634/1279 3635/3635/1281 3636/3636/1289
f 3637/3637/1290 3638/3638/1291 3639/3639/1281
f 3640/3640/1281 3641/3641/1280 3642/3642/1290
f 3643/3643/1292 3644/3644/1293 3645/3645/1280
f 3646/3646/1280 3647/3647/1282 3648/3648/1294
f 3649/3649/1295 3650/3650/1292 3651/3651/1296
f 3652/3652/1282 3653/3653/1283 3654/3654/1295
f 3655/3655/1297 3656/3656/1295 3657/3657/1283
f 3658/3658/1283 3659/3659/1284 3660/3660/1297
f 3661/3661/1298 3662/3662/1297 3663/3663/1284
f 3664/3664/1284 3665/3665/1285 3666/3666/1298
f 3667/3667/1299 3668/3668/1298 3669/3669/1285
f 3670/3670/1285 3671/3671/1286 3672/3672/1300
f 3673/3673/1301 3674/3674/1300 3675/3675/1286
f 3676/3676/1286 3677/3677/1287 3678/3678/1301
f 3679/3679/1302 3680/3680/1301 3681/3681/1287
f 3682/3682/1287 3683/3683/1288 3684/3684/1302
f 3685/3685/1303 3686/3686/1304 3687/3687/1288
f 3688/3688/1288 3689/3689/1289 3690/3690/1303
f 3691/3691/1291 3692/3692/1305 3693/3693/1289
f 3694/3694/1289 3695/3695/1281 3696/3696/1291
